:020000041000EA
:1000000000B5324B212058609868022188439860DF
:10001000D860186158612E4B002199600221596106
:100020000121F02299502B49196001219960352056
:1000300000F044F80222904214D00621196600F024
:1000400034F8196E01211966002018661A6600F04E
:100050002CF8196E196E196E052000F02FF8012189
:100060000842F9D1002199601B49196000215960AB
:100070001A491B48016001219960EB211966A021F2
:10008000196600F012F800219960164914480160C1
:100090000121996001BC002800D000471248134993
:1000A000086003C880F30888084703B5996A0420EC
:1000B0000142FBD001200142F8D103BD02B5186610
:1000C0001866FFF7F2FF186E186E02BD00000240BE
:1000D000000000180000070000035F00212200005C
:1000E000F4000018222000A00001001008ED00E03C
:1000F00000000000000000000000000074B24E7A12
:1001000000200420F7010010CB010010CD010010E9
:10011000C9010010C9010010C9010010C901001077
:10012000C9010010C9010010C9010010CF01001061
:10013000C9010010C9010010D1010010D301001045
:10014000C1010010C1010010C1010010C101001067
:10015000C1010010C1010010C1010010C101001057
:10016000C1010010C1010010C1010010C101001047
:10017000C1010010C1010010C1010010C101001037
:10018000C1010010C1010010C1010010C101001027
:10019000C1010010C1010010C1010010C101001017
:1001A000C1010010C1010010C1010010C101001007
:1001B000C1010010C1010010C1010010C1010010F7
:1001C000EFF30580103800BE00BE00BE00BE00BECA
:1001D00000BE00BEF2EB8871ACB50010C8B50010CF
:1001E0003802001090A31AE71E481F49086006C88D
:1001F00081F3088810471D480068002801D019487D
:10020000F3E70DA40ECC002902D000F012F8F9E7B4
:100210001749184A002000E001C19142FCD116495B
:100220008847164988471649884700BEFDE701C937
:1002300001C29A42FBD37047C8B50010C00000202D
:100240002C02002034B7001000000420000004201D
:1002500034B700100010042000100420000000003B
:10026000704700000000000008ED00E0000000D032
:100270002C020020B0070020D9180010A90200109D
:10028000D1180010F8B5C046044B10B5002B03D0B0
:100290000349044800E000BF10BDC0460000000054
:1002A00080070020B41E001070B500F085F81248D9
:1002B00000F024F8FA20400000F0FAFD1425002494
:1002C000220020210420013400F002F9052C0BD17A
:1002D0003220013D00F0ECFD002D0BD0002220214A
:1002E000042000F0F5F801243220013D00F0E0FD8B
:1002F000002DE5D1002070BDFFFF0000F0B5C6461F
:1003000000B5D02484B0802680272A236A4624069C
:10031000BF02760213738046A6610122A76103A97A
:10032000234801F095FDEF231B0667610422029329
:1003300002A966611E48A76101F08AFD2B236A4667
:10034000676103A913731A48A6610122A76101F02E
:100350007FFD184B67610422039303A9666114486B
:10036000A76101F075FD2C2301AD676101222B709F
:100370002900A6610E48A76101F06AFD6761434646
:100380006661A76196245EBA6402022229000848C9
:100390002E80013C01F05CFD002CF6D1D0238022A0
:1003A0001B0692025A6104B080BCB846F0BDC0463C
:1003B00000C003400000013FF0B5D0248025802616
:1003C000802783B04049414801F0E2FB012112201F
:1003D00000F0CAF90121132000F0C6F9112000F045
:1003E000DDF910202406AD02760200F0D7F97F0374
:1003F000142000F0D3F96562322066626762A7615B
:1004000000F056FD3220676100F052FD6A4601237C
:10041000D3716B460122D91DA6612C48A56101F05C
:1004200017FD9620656100F043FD6A461123D371E4
:100430006B460122D91DA6612448A56101F008FD83
:100440007820656100F034FD6A46552353711B3BEB
:10045000D3716B46A661D91D0122A5611B4801F02D
:10046000F7FC6B466561591D66610122A56117485D
:1004700001F0EEFC6A4636236561D3716B46A661D6
:10048000D91D0122A561114801F0E2FC6A46002352
:10049000656193716B466661991D0122A5610B48E8
:1004A00001F0D6FC6A4629236561D3716B460122AF
:1004B000A661D91DA561054801F0CAFC002065614F
:1004C000FFF71CFF03B0F0BD800BB20300C0034078
:1004D000F0B54E464546DE46574683B29846130170
:1004E0009B1A5B029946E0B59B4A9C4B8DB09144A8
:1004F00004934B4689B20893434678240A00099333
:10050000A0235B009A4200D317E1089B0999783B2E
:1005100018194B1C9BB29A460B00F1339BB25646FE
:100520000F008346029306920794E0E0049A1B09A9
:100530005B00D35A6A465BBAD025802193822A2376
:100540002D060BAC49028A462370A96180218902DD
:1005500088460122A9618248210001F079FC4146C8
:10056000002269615146FBB222706370A270E37091
:10057000696141460432A9617948210001F068FCB3
:100580000AAA944603236344994641462B23696192
:1005900049460B705146A96141460122A961704844
:1005A000494601F055FC4146069B6961DAB21002EA
:1005B000190A1B0A090403430B4351461B02120686
:1005C0001B0A134303930B93696141460422A961FB
:1005D0006348210001F03CFC41462C2369614946F7
:1005E0000B705146A96141460122A9615C48494608
:1005F00001F02EFC6B4641469B8A6961238053467D
:1006000002226B615648A961210001F021FC43469A
:100610006B61F02E61D0019B049A5B009B5A05939D
:10062000F3B201932A23D025237080232D065B0289
:100630009A46AB6180239B02984601222100AB6160
:10064000474801F005FC43466B6100232370A3700B
:100650005346019A21006270E2706B6143460422A6
:10066000AB613F4801F0F4FB43464A466B612B23E4
:1006700013705346AB61434601224946AB6138488B
:1006800001F0E6FB43466B61039B04220B93534648
:100690006B6143462100AB61314801F0D9FB434611
:1006A0004A466B612C2313705346AB6143460122CB
:1006B0004946AB612A4801F0CBFB43466B61059B81
:1006C00002225BBA238053466B6143462100AB6133
:1006D000234801F0BDFB43466B6101239C46023673
:1006E000029B0237B6B2E344BFB29E4223D05B46C0
:1006F0000F221B781A400192EF2F00D816E7EF2E39
:10070000EBD85300049A0BACD35A0593069BDAB28C
:100710001002190A1B0A090403430B431B021206A9
:100720001B0A134303930AAA00239446019303333D
:100730006344994676E7069A079C0A4B013278345F
:1007400092B29C4200D0DBE60DB0F0BCBB46B24694
:10075000A946A046F0BDC046B41E0010B4B40010B7
:1007600000C00340781E0000094A83009A1810B5A3
:1007700014684022544080322240064CC000A446F7
:1007800063441A60044B9C466044416010BDC046FF
:1007900004C0014004D00140004001400123D022A8
:1007A0008340120693629361094A83009A18116884
:1007B0004022514080320A400649C0008C466344C2
:1007C0001A60054B9C460523604443607047C04651
:1007D00004C0014004D00140004001400FB400B506
:1007E000084883B001F0B6F9049B002B07D005A997
:1007F0001800019101F052F8034801F0ABF9012013
:1008000001F064F8D4B40010E4B4001070B5EFF354
:10081000108C72B60D4D2B68002BFCD0BFF35F8F90
:100820000724CB08C618C05C01230C40A3401C0061
:100830000440034207D118433070BFF35F8F2C6030
:100840008CF3108870BD1000FFF7C8FF2C0100D09A
:10085000044A1078431CDBB2172B00D91023137005
:100860007047C046E00100200021044B044ABFF35A
:100870005F8F02C39342FAD17047C046000100D097
:10088000800100D0054B064A1360064A136053608E
:100890009360D3601361536193617047808080805F
:1008A00000E400E004E400E01F2318401E3B834006
:1008B000002905D0C021044A4900535013607047F5
:1008C000802201498B50FAE700E100E070B50D008D
:1008D000EFF3108672B60F4A1368002BFCD0BFF3FB
:1008E0005F8F0D4B10309B6884001B590B4A93425D
:1008F00003D09D4201D000F0A1FD074B9B681D5124
:10090000BFF35F8FBFF35F8F0022024B1A6086F345
:10091000108870BD240100D000ED00E0C10100107E
:10092000024B9C46614489000160704740000034DE
:1009300070B5114C114DAC420FD2FF262368002B2D
:100940000CD0FFF785FF01002000FFF7E9FFA6802C
:10095000BFF35F8F0834AC42F0D370BDFFF778FF70
:1009600001002000FFF7DCFF2671BFF35F8F083422
:10097000AC42E3D3F1E7C046240200202C02002061
:100980000A4B1968EFF3108072B60A68002AFCD08F
:10099000BFF35F8F1B68BFF35F8F00221A6080F385
:1009A000108840BF002000217047C046AC070020DF
:1009B000F0B5DE4657464E464546E0B587B0EFF304
:1009C0000583032201251A40954091008846A946D7
:1009D000B34B03925C58B34B1D60B34B04934B462F
:1009E000B24843630823E55E002D37DAA3881BB2C3
:1009F000002B00DBADE0A379002B00D0EEE0082354
:100A0000E05E002820DB430062691B18DB00D3187E
:100A10009E68DD68731C00D111E1A44801004144C7
:100A2000826A0B69B71A9B1A9F4215D30123026A87
:100A3000039883401A420FD09C4800F047FB8D4238
:100A400002DCCCD18642CAD940BF07B0F0BCBB465D
:100A5000B246A946A046F0BD0E61EDE762696B00A3
:100A600092465B19DB009A4453469E68DF6800F0AB
:100A70002DFB8F42BADC00D103E1002F00DAE8E061
:100A80005246534652691B699346049A934200D1D9
:100A9000D9E052460821605E52880004594610434E
:100AA0009847009001910099019A0B0010001343A0
:100AB00000D1CEE013000A00B61A9F41002806DBE1
:100AC0007A4800F003FB009E019F36184F415346C1
:100AD0009E60DF6000229A5E002A00DA86E75300FB
:100AE00099186069C900411802938B68C9689B46D0
:100AF000B94200DD7AE702D1B34200D976E7082394
:100B00009C46A444059565462281A446029B2C0080
:100B100006E053009918C90041188D68C968AB46B2
:100B20009B18DB00C318B94206DC00D1B3E01C00FF
:100B30000023E25E002AECDA230064469C4653461A
:100B40001A806346059D1D80A3881BB2002B00DA26
:100B500051E72269EFF3108172B61368002BFCD0C5
:100B6000BFF35F8F0123A7885B42A3803FB2236955
:100B7000BFF35F8F00221A6081F31088002F00DA24
:100B800039E72300083322009A4666697B00DB19A7
:100B9000DB00F318996850468C460824115FDD6825
:100BA000002910DB029306E0AB4244D00023E15E53
:100BB0002000002906DB4C006418E4003419E368C7
:100BC000AB42F1DD029B078000201F5E1980002FE1
:100BD000DCDA1400A379002B00D110E70023A37105
:100BE00026000823E15E08364B1C00D12CE70800E4
:100BF000A246656902E03E004B1C1AD04B005B1810
:100C0000DB00EF180A008C46E95E7B881BB2002BE4
:100C1000F1DA01235B42DC17BB60FC60824205D045
:100C2000534631801B893B8053461A8160464B1CDA
:100C3000E4D15446E5E6A3686345B7D9C2E76B1C27
:100C400000D0EAE6F8E65B4658461B69984700285C
:100C50001BD153461B8822692381EFF3108372B6A0
:100C600011680029FCD0BFF35F8F514662880A806B
:100C700022696580BFF35F8F0021116083F31088C4
:100C8000B4E6864200D8F8E6B0E65B461A685B68D0
:100C90000092019307E7B34500D848E74CE7C04608
:100CA000980700203C700540B10900100040054045
:100CB00070B52E4C2569002D04D00A212C48FFF771
:100CC0002FFE70BD2B4E0321300000F0F5F9E660D9
:100CD000FFF7BEFD284B03229C46D02322701B0643
:100CE0001B6801216370254B6044A3600F238000C3
:100CF00020610220638063694942A180198002312A
:100D0000198647311D83585218315A5275325C3951
:100D100099521832013199521832013199521832D0
:100D200001319952083518329D52023118329952C8
:100D30001832013199521832013199521832013169
:100D400099521832013199521832013199520C4B93
:100D50000C49DC6001303562FFF7B8FD012103204A
:100D6000FFF7A2FD084B1D60A7E7C046E401002085
:100D7000AC0700200040054040000034FFFF100099
:100D800098070020B10900103860054070B50100D7
:100D90000469EFF3108C72B620680028FCD0BFF312
:100DA0005F8F02200D5E4C6968004019C000241856
:100DB0000869002D36DB26884E80BFF35F8F002642
:100DC00006608CF31088E360638804980133206127
:100DD0005B0405985B0CA26060611A1C002B1FD09D
:100DE00093B22804628018430A69EFF3108C72B63C
:100DF0001368002BFCD0BFF35F8F8B8823808D801E
:100E00000B69BFF35F8F00221A608CF310880B7898
:100E100001329A40CB6808498C4663441A6070BD21
:100E20000122DDE7BFF35F8F002303608CF310889E
:100E300001204042F3E7C0463C20000010B5438942
:100E40000A1493421ADD53009B184269DB00D31841
:100E50000469EFF3108C72B62268002AFCD0BFF34D
:100E60005F8F5A88090494B2090C8A4208D003693A
:100E7000BFF35F8F00221A608CF31088002010BD32
:100E80008022120214435C80012302698371BFF344
:100E90005F8F002111608CF31088044902788C4622
:100EA0009340C268012062441360E8E73C200000E0
:100EB000F0B5C64600B582B0040000F00FF9FA2282
:100EC00006000F00200000230021920000F06EFCBD
:100ED0008019794104000D1E02DA01242E4D64426E
:100EE00006267642F71736196F41AF4214D811D053
:100EF00000F0F4F832003B00121A8B41002B15DC95
:100F0000002B46D02000290000F0F2F802B080BC8F
:100F1000B846F0BDA642EBD90026002700F0DEF867
:100F200032003B00121A8B41002BE9DD00F0D6F8AD
:100F300032003B00121A8B41002B0ADB0023019385
:100F4000164B3200009316483B00FFF71FFF01309D
:100F5000D8D000233900B0469C46124A1248536A42
:100F6000994204D8966AB045CCD99942CAD106684C
:100F7000EFF3108772B63368002BFCD0BFF35F8F9E
:100F80000368BFF35F8F66461E6087F3108820BF3B
:100F9000E5E7002AB6D0C9E7FFFFFF7F810900100F
:100FA000E401002000400540AC070020F0B55746A2
:100FB0004E46DE464546E0B506000F0085B0EFF32D
:100FC000058399468B46002B12D0384900204B6A86
:100FD000BB4206D38A6ADB1B591E8B41B242404199
:100FE000184305B0F0BCBB46B246A946A046F0BDCA
:100FF0002F4B9A46DB68984653461B78404603932E
:1010000000F064F84246039B040004339B009B58A5
:101010000D001B1A39003000001BA941894510DC66
:101020000DD020BF214A0020536A5B45D9D3926A74
:10103000DB1B591E8B41B24240411843D1E783422A
:10104000EFD900F04BF832003B00121A8B41002B15
:101050001ADB00230193174B3200009350463B00EC
:10106000FFF794FE011E0FDD104B5A6A5A451BD341
:101070009B6AB34216D35046FFF7E0FE0B4A0020AE
:10108000536A5B45ADD3D2E7084A0020536A5B45FB
:10109000A7D30020926ADB1BB24240415A1E934103
:1010A00018439EE75A45E6D120BFE4E700400540DB
:1010B000E40100208109001010B5024A0248FFF740
:1010C000A5FB10BDE8B40010480700200300416AEA
:1010D0000A00986A596A8A42FAD17047034B596AE2
:1010E0000A00986A596A9142FAD170470040054057
:1010F000064A536A9942FCD807D1044B02E05A6A67
:10110000914202D19A6A9042F9D870470040054056
:10111000F8B5DE464E4657464546E0B58B460500D7
:101120000A991800160000F0B3FA0A9B6C001F021F
:10113000324B64199C46A4006444636881469F4214
:1011400000D967602B1FDBB29846012B30D9C02332
:1011500080229B01E31812011A60294BAD005959F6
:101160009A4600291BD17301E026226853401E4095
:10117000802342465B01E3181E60012A30D9802398
:1011800080229B01E31812011A6053464A466760A9
:101190005A51F0BCBB46B246A946A046F8BD5869B4
:1011A00000F076FA013043001B18033BFDD2DAE76A
:1011B0005B46012BCBD1C02303229B01E3181A60AD
:1011C000023AA3681A42FCD07301E0262268AD00FF
:1011D00053401E4080230A4A5B019246E3181E607A
:1011E0005A462168514003220A401A6001225B4698
:1011F0009A40A3681A42FCD0C1E7C0460080004074
:101200004C070020F0B546464F46D646C0B51F00F5
:10121000344B44009C462418A40064446368884608
:101220001600FF2B02D880235B006360031FDBB234
:101230009A46012B30D9C02380229B01E31812016A
:101240001A60294B85005959994600291BD1730111
:10125000E026226853401E40802352465B01E3187B
:101260001E60012A30D9802380229B01E3181201DD
:101270001A6080235B0063604B465F51E0BCBA4656
:10128000B146A846F0BD586900F002FA01304300AB
:101290001B18033BFDD2DAE74346012BCBD1C02319
:1012A00003229B01E3181A60023AA3681A42FCD099
:1012B0007301E0262268850053401E4080230A4ABD
:1012C0005B019146E3181E604246216851400322AB
:1012D0000A401A60012342469340A2681342FCD0A0
:1012E000C1E7C046008000404C070020014B800051
:1012F000C05870474C070020F8B5040021481E0074
:1013000017000D0000F0C4F90100380000F0C0F92A
:10131000069B36041B031E432368002B20DB1A4B5D
:101320001A49E3185A1E93418022920194465B4267
:101330001B0B174A1B0363441360164A13601F00FC
:101340000A689743FBD1144B2560E2182123A06063
:1013500013602368002BFCDA0823E6601360F8BDF5
:101360003F2322681340AB42D9D1A3681B051B0D54
:101370008342D4D1EE22E368D2021340B342CED1ED
:10138000EDE7C046001BB7000040FDBF08C00040AD
:1013900000E0004000F00040043000008023024ADA
:1013A0009B000B43D362704700800540002310B5BB
:1013B0000100988A1B8B984710BDC046162310B5B4
:1013C0000100188802331B88984710BDF8B54746BE
:1013D000CE4680B50F1E18D014239946043304005E
:1013E0000025012698464B461888434621681B88ED
:1013F000984701C4431E984101350640AF42F2D1DF
:101400003000C0BCB946B046F8BD0126F8E7C0467A
:10141000AA23064A1B0113608D235B00D360044995
:10142000044B19605368002BFCDA704700400240FF
:1014300000B0FA00006002407047C04610B5014895
:10144000FFF7CCF90CB5001070B5074D074EB5424B
:1014500009D20024013E761BB60808CD9847230028
:101460000134B342F9D170BD701E0010AC1E0010E3
:10147000054B064A06491A60064A074B1A601000D7
:101480000B689843FBD1704700E00040BFCDFBFEE6
:1014900008C00040FE7F3C0000F00040044BDB6CC5
:1014A000002B03D18022034BD2021A607047C04642
:1014B000000011504C201150044A054B1A60054A97
:1014C0001368DB018033FBD17047C046FFFFFF018B
:1014D00000F0004008C000404022034B9A675A6762
:1014E0001A67DA667047C04600F0014010B5FFF792
:1014F000BBF910BDF8B52749274C284D641AA61032
:101500003200302E00D930222800920000F0B8F9C5
:10151000BC2C3BD830202F232C196407204A801B79
:10152000E40F9B1B052B16D93700002C02D0B3000B
:10153000771CEA50001B33199B004108EB18C900C7
:10154000C9181A605A6008339942FAD1012303423C
:101550001CD09843C619B300EA50731C2F2E15D027
:101560009B00EA50B31C2E2E10D09B00EA50F31CB7
:101570002D2E0BD09B00EA50331D2C2E06D09B0045
:10158000EA50731D2B2E01D09B00EA50054B9D6045
:10159000F8BDC04600010010C0010010000000208E
:1015A000C101001000ED00E0002310B5294C82B00D
:1015B000A367FFF72DFF0122274B1A60636C012BF5
:1015C000FCD10322254B1A60224A936B012BFCD1DC
:1015D000013300930121224A22480433FFF78CFE95
:1015E000052301210093204A2048FFF785FE0022B1
:1015F000022104201E4BFFF705FE002201210520D9
:101600001C4BFFF7FFFD0022002107201A4BFFF7BC
:10161000F9FD002200210820174BFFF7F3FD80237E
:10162000DB000093002200210920134BFFF770FD1F
:101630000022104B00210620FFF7E4FD0420FFF7F5
:1016400055FE0E4900F024F801000020FFF7A6FE29
:1016500002B010BD008000403CB0004030B00040FF
:10166000002F685900800240008C864700C002406D
:10167000001BB70040597307006CDC0240420F00AA
:1016800001480421014B184700020020CD1300102F
:10169000114A936F9B0813D210665166002905D03A
:1016A000FFE7FFE7FFE7516F106F704704B50028B1
:1016B00001D00020C04300F0C3FB002104BDC046A0
:1016C000F0B5146E556E576F166FFFF7E5FF146691
:1016D000556657671667F0BD000000D0132370B53C
:1016E0001D78012D19D014DD1F48FFF767FE060095
:1016F0001E48FFF763FE1E4C80223100200000F0E0
:10170000BFF8022D2DD01B48FFF750FE1A4B186072
:1017100070BD1A4B164CA364F5E7184B144C2360AC
:101720006360A360E36023616361A361E36123629B
:101730006362A362E36223636363A363E36323647B
:101740006364A364E36423656365A365E36523665B
:101750006366A366E36623676367A367E367A364BF
:10176000D1E7064BA364CEE7534400005346000084
:10177000B00300204C330000A807002081170010A0
:1017800007B5604601880A0A0230DF2AFAD1C9B2D9
:10179000820804D3028840880004104300E00068F7
:1017A000014A5050039007BDB0030020514343430A
:1017B000C9188C46110C83B24B4310B4040C61431E
:1017C00092B280B2504362431C041B0C001910BC3F
:1017D00059411304120CC018514161447047000074
:1017E000132310B512481C78FFF7E8FD0100012C07
:1017F0000AD003DD80220F4800F042F80E48FFF7C0
:10180000D5FD0E4B186010BD0A4C5422200000F08C
:1018100037F80B4B6365A365E36523666366A366D0
:10182000E36623676367A367E3672362E361E5E732
:1018300053460000B00400204C330000A8070020ED
:101840004518001007B5604601880A0A0230DF2AF1
:10185000FAD1C9B2820804D3028840880004104338
:1018600000E00068014A5050039007BDB00400201A
:1018700001480421014B184710020020CD1300102D
:10188000014B5B68184700001002002010B50028CB
:1018900000D110BD00F014F9FBE7C04610B5094AAD
:1018A0000300146884B0002C08D00122009106487F
:1018B000524203A9A047012004B010BD00F04AF92C
:1018C0000020F9E77C0700208D18001000BEFDE71E
:1018D00010B5FFF7FBFFC04670B5FFF7B5FD074D2C
:1018E000074EB54209D20024013E761BB60808CD4A
:1018F000984723000134B342F9D170BDAC1E0010EB
:10190000B41E0010030010B5080011001B689847B2
:1019100010BDC046F0B5C64600B5437D07000C00BB
:101920001600002B46D0002A17DD0B780A2B24D096
:1019300000239846012E13D001252900635C013550
:101940000A2B26D0B542F8D1464509DCA419013C42
:1019500023780D3B5A4253413B7580BCB846F0BDDD
:101960004346E018A419F11A013C3B6898472378D4
:101970000D3B5A4253413B75EFE7037D002BD7D116
:1019800002210F483B689847012EDFD0012398467B
:10199000D2E7631E5B5C0D2BD4D0884504DA434646
:1019A000C91AE0183B689847022105483B68A846D9
:1019B0009847C7E70368110020009847CDE7C04665
:1019C000A8B50010F0B54546DE464E465746E0B590
:1019D00083B091461C0080460D00FFF77FFB00237B
:1019E000304A12184B41002B02DA01222E4B524290
:1019F0002E4908008A4600F033FA07006B1C03D119
:101A0000404600F083F90500002C27D0284E294BD2
:101A10001C68002C18D04B46002B21D1264B994630
:101A200002E02469002C0FD02368002BF9D04B462C
:101A30001B68002B01D09C42F3D120002A004146B4
:101A4000B0472469002CEFD1002F26D1280003B025
:101A5000F0BCBB46B246A946A046F0BD174ED6E73D
:101A6000154B99460A239B4602E02469002CEBD0D3
:101A70002368002BF9D04B461B68002B01D0A342F2
:101A8000F3D12A0041462000B0476B465A46200059
:101A9000DA71D91D0122B047E7E7504600F0C8F9D6
:101AA000D4E7C04640420F00FFFFFF7F2402002022
:101AB0001519001074070020780700200519001080
:101AC000F0B5CE46474680B583B06B460600DD1DB7
:101AD0002870FFF703FB0023194A12184B41002B13
:101AE00002DA0122174B524217490800884600F0DB
:101AF000B7F9164B81461C68002C14D0144F02E035
:101B00002469002C0FD02368002BF9D03B68002BF0
:101B100001D09C42F4D1200001222900FFF7FAFEF7
:101B20002469002CEFD14B46002B05D1300003B0C7
:101B3000C0BCB946B046F0BD404600F079F9F5E7C3
:101B400040420F00FFFFFF7F2402002074070020A7
:101B50007807002070B5040000F0D8F801230100D8
:101B6000050001222000FFF72DFF084B1C68002C08
:101B700006D06368002B05D098472469002CF8D163
:101B8000280070BD2469002CF3D1F9E77407002008
:101B9000F0B54E468146474ADE464A44531E9A41B6
:101BA0008023574645465B029C46E0B5424B1204F3
:101BB000624485B01A60414B0C0041491A60100024
:101BC0000B689843FBD180460620FFF78FFB4B46FE
:101BD0005A6802231A4001924A460090802004323B
:101BE0000292384AE70D4A446602136093463B006E
:101BF00032000225400007E00099914206D30235E9
:101C000092197B41854201D0002BF5D043468026B6
:101C10000393009B2F02AA4698467F1B760003E0A1
:101C20005346FF1A012E3FD0390040463500013E91
:101C3000FFF72EFD8442F3D22B0055469A465046BC
:101C40003302984668434B4642461D611B68802616
:101C50005340FF227601120213404E44336080232A
:101C60009B019C46029A019B6244136002215C46E0
:101C70004B465B6821604C46276807246740C834A0
:101C80003C40346003240B4013600F4B4B441C60FA
:101C9000116001000098FFF7FBFC05B0F0BCBB46EB
:101CA000B246A946A046F0BD5546039B280098467B
:101CB000C9E7C0460040FCBF00E0004000F0004023
:101CC00008C00040043000002420000010B50100CE
:101CD00000230022002000F047F810BD70B5074C2B
:101CE000074D641BA41005D0013CA300EB58984796
:101CF000002CF9D100F098F870BDC046B41E001059
:101D0000B41E00107047C0467047C04610B5830728
:101D10000AD00300032102E001330B4205D01A78F8
:101D2000002AF9D1181A10BD030019680C4A0D4C8D
:101D30008A188A4322420FD15968094A04338A1803
:101D40008A43224208D15968054A04338A188A43D3
:101D50002242F1D000E001331A78002AFBD1E1E7FA
:101D6000FFFEFEFE80808080F0B5D6464F46464698
:101D70009846244BC0B5060018689A460F00914655
:101D8000FFF7C0FF204B1D68002D32D053466C6812
:101D900018681F2C30DC002E0CD1631C0234A40008
:101DA0006B606751FFF7B0FF0020E0BCBA46B14658
:101DB000A846F0BD49468822A300EB189950C421DB
:101DC00049008C46AC446146873AA2400968914676
:101DD0001143624611608421424649005A50022E46
:101DE000DBD129004A468D31FF310B6813430B606C
:101DF000D3E7064D1D60C9E7FFF786FF012040428B
:101E0000D3E7C04620020020B0050020B405002022
:101E1000034B10B5002B02D00248FFF757FF10BD4F
:101E200000000000DD1C0010F8B5C04600000000F6
:101E300001B40248844601BC604700BF590100203C
:101E400001B40248844601BC604700BFCD010020B8
:101E500001B40248844601BC604700BF81010020F4
:101E600001B40248844601BC604700BFC1000020A5
:101E7000711400109D1400108116001071180010CC
:101E8000DD160010E1170010A9150010B91400109C
:101E9000D9140010ED14001031090010F5140010D1
:101EA000B10C00103914001085080010111E00102C
:041EB0008902001093
:101EB400000000000000000000000000000000001E
:101EC400000000000000000000000000000000000E
:101ED40000000000000000000000000000000000FE
:101EE40000000000000000000000000000000000EE
:101EF40000000000000000000000000000000000DE
:101F040000000000000000000000000000000000CD
:101F140000000000000000000000000000000000BD
:101F240000000000000000000000000000000000AD
:101F3400000000000000000000000000000000009D
:101F4400000000000000000000000000000000008D
:101F5400000000000000000000000000000000007D
:101F6400000000000000000000000000000000006D
:101F7400000000000000000000000000000000005D
:101F8400000000000000000000000000000000004D
:101F9400000000000000000000000000000000003D
:101FA400000000000000000000000000000000002D
:101FB400000000000000000000000000000000001D
:101FC400000000000000000000000000000000000D
:101FD40000000000000000000000000000000000FD
:101FE40000000000000000000000000000000000ED
:101FF40000000000000000000000000000000000DD
:1020040000000000000000000000000000000000CC
:1020140000000000000000000000000000000000BC
:1020240000000000000000000000000000000000AC
:10203400000000000000000000000000000000009C
:10204400000000000000000000000000000000008C
:10205400000000000000000000000000000000007C
:10206400000000000000000000000000000000006C
:10207400000000000000000000000000000000005C
:10208400000000000000000000000000000000004C
:10209400000000000000000000000000000000003C
:1020A400000000000000000000000000000000002C
:1020B400000000000000000000000000000000001C
:1020C400000000000000000000000000000000000C
:1020D40000000000000000000000000000000000FC
:1020E40000000000000000000000000000000000EC
:1020F40000000000000000000000000000000000DC
:1021040000000000000000000000000000000000CB
:1021140000000000000000000000000000000000BB
:1021240000000000000000000000000000000000AB
:10213400000000000000000000000000000000009B
:10214400000000000000000000000000000000008B
:10215400000000000000000000000000000000007B
:10216400000000000000000000000000000000006B
:10217400000000000000000000000000000000005B
:10218400000000000000000000000000000000004B
:10219400000000000000000000000000000000003B
:1021A400000000000000000000000000000000002B
:1021B400000000000000000000000000000000001B
:1021C400000000000000000000000000000000000B
:1021D40000000000000000000000000000000000FB
:1021E40000000000000000000000000000000000EB
:1021F40000000000000000000000000000000000DB
:1022040000000000000000000000000000000000CA
:1022140000000000000000000000000000000000BA
:1022240000000000000000000000000000000000AA
:10223400000000000000000000000000000000009A
:10224400000000000000000000000000000000008A
:10225400000000000000000000000000000000007A
:10226400000000000000000000000000000000006A
:10227400000000000000000000000000000000005A
:10228400000000000000000000000000000000004A
:10229400000000000000000000000000000000003A
:1022A400000000000000000000000000000000002A
:1022B400000000000000000000000000000000001A
:1022C400000000000000000000000000000000000A
:1022D40000000000000000000000000000000000FA
:1022E40000000000000000000000000000000000EA
:1022F40000000000000000000000000000000000DA
:1023040000000000000000000000000000000000C9
:1023140000000000000000000000000000000000B9
:1023240000000000000000000000000000000000A9
:102334000000000000000000000000000000000099
:102344000000000000000000000000000000000089
:102354000000000000000000000000000000000079
:102364000000000000000000000000000000000069
:102374000000000000000000000000000000000059
:102384000000000000000000000000000000000049
:102394000000000000000000000000000000000039
:1023A4000000000000000000000000000000000029
:1023B4000000000000000000000000000000000019
:1023C4000000000000000000000000000000000009
:1023D40000000000000000000000000000000000F9
:1023E40000000000000000000000000000000000E9
:1023F40000000000000000000000000000000000D9
:1024040000000000000000000000000000000000C8
:1024140000000000000000000000000000000000B8
:1024240000000000000000000000000000000000A8
:102434000000000000000000000000000000000098
:102444000000000000000000000000000000000088
:102454000000000000000000000000000000000078
:102464000000000000000000000000000000000068
:102474000000000000000000000000000000000058
:102484000000000000000000000000000000000048
:102494000000000000000000000000000000000038
:1024A4000000000000000000000000000000000028
:1024B4000000000000000000000000000000000018
:1024C4000000000000000000000000000000000008
:1024D40000000000000000000000000000000000F8
:1024E40000000000000000000000000000000000E8
:1024F40000000000000000000000000000000000D8
:1025040000000000000000000000000000000000C7
:1025140000000000000000000000000000000000B7
:1025240000000000000000000000000000000000A7
:102534000000000000000000000000000000000097
:102544000000000000000000000000000000000087
:102554000000000000000000000000000000000077
:102564000000000000000000000000000000000067
:102574000000000000000000000000000000000057
:102584000000000000000000000000000000000047
:102594000000000000000000000000000000000037
:1025A4000000000000000000000000000000000027
:1025B40000000000000000000000000006666666DF
:1025C40066666666666666666666666666000000D9
:1025D40000000000000000000000000000666666C5
:1025E4006000006666666660000000000000006629
:1025F40066666660000066666660000000000006AD
:102604006666666000000000000000000000000034
:102614000066666666000066666666666666666688
:102624006666666666600000000000000000000048
:10263400000000000666666666666666666666662E
:102644006666666666600000000000000000000028
:1026540000000000000666666600000666666660A6
:1026640000000000000006666666660000066666F6
:102674006600000000000006666666660000000052
:102684000000000000000000006666666600006648
:10269400666666666666666666666666666666003C
:1026A40000000000000000000000000006666666EE
:1026B4006666666666666666666666666666000082
:1026C400000000000000000000000000000066663A
:1026D400666000006666666600000000000006662C
:1026E4006666660000666666660000000000000616
:1026F40066666666600000000000000000000000DE
:102704000066666666000066666666666666666697
:10271400666666666666666000000000000000008B
:10272400000000000666666666666666666666663D
:102734006666666666666000000000066666666633
:1027440060000000000066666666000066666666F5
:10275400000000000000666666666000006666664B
:10276400600000000660000666666666666000003B
:1027740000000000000000066666666666000066EB
:1027840066666666666666666666666666666666E5
:1027940000000000000000000000000006666666FD
:1027A400666666666666666666666666666666002B
:1027B40000000066666666666660000000000666E5
:1027C4006666600006666666600000000000666675
:1027D400666660000666666600000066666000065F
:1027E400666666666666000000000000000000067B
:1027F4006666666666000066666666666666666641
:102804006666666666666666600000000000000034
:1028140000000000060066666666666666666666B2
:102824006666666666666600000066666666666676
:102834006666600000000666666666000666666692
:1028440066000000000666666666000066666666E8
:102854000000666666600006666666666666600018
:1028640000000000000000066666666666000066FA
:1028740066666666666666666666666666666666F4
:10288400660000000000000000000000060066660C
:1028940066666666666666666666666666666660DA
:1028A40000666666666666666666660000000666BC
:1028B400666600000066666666600000006666661E
:1028C400666000000066666660000066666000067A
:1028D4006666666666666600000000000000000624
:1028E4006666666666000066666666666666666650
:1028F400666666666666666666000000000000003E
:10290400000000000600666666600000000000002B
:102914000000066666666660066666660000000677
:102924006666660000000666666600000006666667
:10293400666000000066666666600000066666669D
:102944000000006666600006666666666666666027
:10295400000000000000000000666666660000607B
:102964000666660000000000000000000666666659
:10297400660000000000000000000000060066661B
:1029840060000000000000000000006666666660EB
:1029940006666600000000066666660000000066C3
:1029A40066666000000666666666666666666666F5
:1029B40066000000066666660000666666600006DD
:1029C4006666666666666666600000000000000073
:1029D4000066666666000060066666000000000029
:1029E400000000000666666660000000000000004B
:1029F40000000000060066666000000000000000A1
:102A040000000066666666600666660000000006F2
:102A1400666666000000006666666600000066661C
:102A24006666666666666666600000006666666080
:102A340000006666666000066666666666666666CA
:102A44006600000000000000006666666600006024
:102A54000666660000000000000000000666666668
:102A64006000000000000000000000000600666630
:102A740060000000000000000000006666666660FA
:102A840006666666000000066666660000000006CC
:102A94006666660000000000000000000000000000
:102AA4000000000666666600000066666660000652
:102AB400666666666666666666600000000000001C
:102AC4000066666666000060066666000000000038
:102AD400000000000666666660000000000000005A
:102AE40000000000060066666000000000000000B0
:102AF40000000066666666600000000000000006D4
:102B040066666600000000006666666000000000FD
:102B1400000000000000000000000066666660001F
:102B2400000066666660000666666660066666663F
:102B340066660000000000000066666666000060CD
:102B44000666660000000000000000000666666677
:102B5400600000000000000000000000060066663F
:102B64006000000000000000000006666666666003
:102B74000000000000000006666666000000000019
:102B84006666666600000066666666666666666019
:102B94000000006666666000000066666660000607
:102BA400666666600000000000000000000000008F
:102BB4000066666666000060066666000000000047
:102BC4000000000000000000000000000000000001
:102BD40000000000060066666666666666666666EF
:102BE40066666666666666000000000000000066B1
:102BF4006666660000000000066666660000000661
:102C0400666666666666666000000666666600005E
:102C14000000666666600006666666600000000086
:102C240000000000000000000066666666000060A8
:102C340006666600000000000000000000000000BE
:102C440000000000000000000000000006006666AE
:102C54006666666666666666666666666666660076
:102C64000000000000006666666660000000000068
:102C740000666666600000066666666666666600EE
:102C84000000666666600000000066666660000616
:102C9400666666600000666666666666000000003A
:102CA4000066666666000060066666000000000056
:102CB4000000000006666666600000000000000078
:102CC40000000000060066666666666666666666FE
:102CD400666666666666600000000000000666665A
:102CE40066600000000000000006666666000000E2
:102CF40066666666666666000006666666000000CE
:102D0400000066666660000666666660000000662F
:102D140066666666600000000066666666000060BF
:102D24000666660000000000000000000666666695
:102D34006600000000000000000000000600666657
:102D440066666666666666666666666666660000EB
:102D540000000000006666666600000000000000D7
:102D64000006666666000000666666666666600063
:102D7400000666666600000000006666666000067F
:102D84006666666000000006666666666660000049
:102D94000066666666000060066666000000000065
:102DA4000000000000666666660000000000000087
:102DB400000000000600666666666666666666660D
:102DC40066666666666000000000000000066666CF
:102DD4006660000000000000000066666660000097
:102DE4000666666666660000006666666000000049
:102DF40000006666666000066666666000000000A5
:102E040006666666666600000066666666000060C2
:102E140006666600000000000000000000666666AA
:102E24006600000000000000000000000600666666
:102E34006666666666666666666666666600000060
:102E440000000000000006666666600000000000E6
:102E54000000066666660000066666666666000032
:102E64006666600660000000000066666660000634
:102E7400666666600000000000666666666660005E
:102E8400006666666600006666666600000000000E
:102E94000000000000666666660000000000000096
:102EA4000000000006666666600000000000000680
:102EB4006666666600000000000000000000006610
:102EC400666666000000000000000066666660003A
:102ED40000666666666000066666006600000000BE
:102EE40000006666666000066666666000000000B4
:102EF40000066666666666000066666666000066CC
:102F04006666660000000000000000000066666659
:102F1400660000000000000000000000066666660F
:102F24006000000000000000666666666000000045
:102F34000000000000000006666666000000000055
:102F440000000006666666000066666666600066E7
:102F540066660066000000000000666600600666A3
:102F640066666000000000000000666666666666CD
:102F740066666666000066666666660000000000B7
:102F840000000000006666666600000000000000A5
:102F940000000000000666666000000000000006F5
:102FA4006666666666000000000000000000000619
:102FB4006666660000000000000000066666666043
:102FC4000666666666660066666006600000000067
:102FD4000000666600600666666660000000000029
:102FE4000000066666666666666666660000666675
:102FF4006666660000000000000000000066666669
:103004006600000000000000000000000006666684
:103014006000000000000000666666666000000054
:1030240000000000000000066660060000000000CA
:1030340000066666666666660666666666660666B2
:1030440066606666660000000000666600600666EC
:103054006666600000000000000000666666666642
:1030640066666666000066666666660000000000C6
:1030740000000000006666666600000000000000B4
:10308400000000000006666660000000000000000A
:10309400666666666600000000000000000000002E
:1030A40006600660000000000000000066666666B8
:1030B4006666666666666666660066000000000010
:1030C4000000666600600666666660000000000038
:1030D40000000006666666666666666600006666EA
:1030E4006666660000000000000000000066666678
:1030F4006600000000000000000000000006666694
:1031040060000000000000000666666666000000BD
:103114000000000000000006666006600000000079
:103124000000000006666666666666666666666633
:10313400600660000000000000006666006006662D
:10314400666660000000000000000000006666661D
:10315400666666660000006666666600000000003B
:1031640000000000066666666600000000000000BD
:103174000000000000066666600000000000000019
:103184000666666666600000000000000000000637
:1031940066600666000000000000000000666666C7
:1031A4006666666666666666606600000000000025
:1031B4000000666600600006666666660000000041
:1031C40000000000000066666666666666000066CB
:1031D40066666660000000000000000066666666C1
:1031E40066000000000000000000000000066666A3
:1031F4006000000000000000006666666660000073
:10320400066666660000000666600666000000004A
:103214000000000000666666666666666666666648
:103224000660000000000000000066660060000602
:103234006666666600000000000000000000066686
:1032440066666666660000666666666666666666E6
:1032540066666666666666666600000000000000D4
:103264000000000000066666600000000000000028
:10327400000666666666000006666666000000066E
:103284006660066600000000000000000006666636
:10329400666666666666666006600000000000009A
:1032A4000000666600600006666666660000000050
:1032B4000000000000000066666666666600006640
:1032C400666666666666666666666666666666669A
:1032D40060000000000000000000000000066666B8
:1032E400600000000000000000006666666666601C
:1032F400066666660000000666600666000000005A
:10330400000000000006666666666606666666601D
:103314006600000000000000000066660060000611
:103324006666666600000000000000000000000001
:1033340066666666660000666666666666666666F5
:103344006666666666666666000000000000000049
:1033540000000000066666666000000000000000D1
:1033640000000666666660000666666660000066C3
:10337400666006660000000000000000000066664B
:103384006666600066666606600000000000000075
:10339400000066660060000666666666000000005F
:1033A4000000000000000000066666666600006615
:1033B40066666666666666666666666666666660AF
:1033C40000000000000000000000000006666666C1
:1033D40060000000000000000000066666666000F1
:1033E400000666666666666666600666000000003D
:1033F40000000000000006666666000006666606B9
:103404006000000000000000000066660660000620
:103414006666666600000000000000000000000010
:103424000066666666000066666666000000000068
:103434000000000000000660000000000000000022
:1034440000000000066666666000000000000000E0
:10345400000000666666660000006666666666666C
:1034640066600660000000000000000000000666C0
:103474006660000006666066000000000000000050
:103484000000666666000006666666660000000068
:10349400000000000000000000666666660000662A
:1034A4006666666666666666666666666666600024
:1034B40000000000000000000000000006666666D0
:1034C40060000000000000000000006666666660A0
:1034D400000000666666666666600600000000001E
:1034E4000000000000000066666000000066666080
:1034F4000000000000000000000066666000000696
:10350400666666660000000000000000000000001F
:10351400006666666600000000000000000000000F
:103524000000000000000000000000000000000097
:103534000000000000000000000000000000000087
:1035440000000000000000000000000666666666D9
:10355400666660000000000000000000000000003B
:103564000000000000000000000000000000000057
:103574000000000000000000000000000000000047
:103584000000000000000000000000000000000037
:103594000000000000000000000000000000000027
:1035A4000000000000000000000000000000000017
:1035B4000000000000000000000000000000000007
:1035C40000000000000000000000000000000000F7
:1035D40000000000000000000000000000000000E7
:1035E40000000000000000000000000000000000D7
:1035F40000000000000000000000000000000000C7
:1036040000000000000000000000000000000000B6
:1036140000000000000000000000000000000000A6
:103624000000000000000000000000000000000096
:103634000000000000000000000000000000000086
:103644000000000000000000000000000000000076
:103654000000000000000000000000000000000066
:103664000000000000000000000000000000000056
:103674000000000000000000000000000000000046
:103684000000000000000000000000000000000036
:103694000000000000000000000000000000000026
:1036A4000000000000000000000000000000000016
:1036B4000000000000000000000000000000000006
:1036C40000000000000000000000000000000000F6
:1036D40000000000000000000000000000000000E6
:1036E40000000000000000000000000000000000D6
:1036F40000000000000000000000000000000000C6
:1037040000000000000000000000000000000000B5
:1037140000000000000000000000000000000000A5
:103724000000000000000000000000000000000095
:103734000000000000000000000000000000000085
:103744000000000000000000000000000000000075
:103754000000000000000000000000000000000065
:103764000000000000000000000000000000000055
:103774000000000000000000000000000000000045
:103784000000000000000000000000000000000035
:103794000000000000000000000000000000000025
:1037A4000000000000000000000000000000000015
:1037B4000000000000000000000000000000000005
:1037C40000000000000000000000000000000000F5
:1037D40000000000000000000000000000000000E5
:1037E40000000000000000000000000000000000D5
:1037F40000000000000000000000000000000000C5
:1038040000000000000000000000000000000000B4
:1038140000000000000000000000000000000000A4
:103824000000000000000000000000000000000094
:103834000000000000000000000000000000000084
:103844000000000000000000000000000000000074
:103854000000000000000000000000000000000064
:103864000000000000000000000000000000000054
:103874000000000000000000000000000000000044
:103884000000000000000000000000000000000034
:103894000000000000000000000000000000000024
:1038A4000000000000000000000000000000000014
:1038B4000000000000000000000000000000000004
:1038C40000000000000000000000000000000000F4
:1038D40000000000000000000000000000000000E4
:1038E40000000000000000000000000000000000D4
:1038F40000000000000000000000000000000000C4
:1039040000000000000000000000000000000000B3
:1039140000000000000000000000000000000000A3
:103924000000000000000000000000000000000093
:103934000000000000000000000000000000000083
:103944000000000000000000000000000000000073
:103954000000000000000000000000000000000063
:103964000000000000000000000000000000000053
:103974000000000000000000000000000000000043
:103984000000000000000000000000000000000033
:103994000000000000000000000000000000000023
:1039A4000000000000000000000000000000000013
:1039B4000000000000000000000000000000000003
:1039C40000000000000000000000000000000000F3
:1039D40000000000000000000000000000000000E3
:1039E40000000000000000000000000000000000D3
:1039F40000000000000000000000000000000000C3
:103A040000000000000000000000000000000000B2
:103A140000000000000000000000000000000000A2
:103A24000000000000000000000000000000000092
:103A34000000000000000000000000000000000082
:103A44000000000000000000000000000000000072
:103A54000000000000000000000000000000000062
:103A64000000000000000000000000000000000052
:103A74000000000000000000000000000000000042
:103A84000000000000000000000000000000000032
:103A94000000000000000000000000000000000022
:103AA4000000000000000000000000000000000012
:103AB4000000000000000000000000000000000002
:103AC40000000000000000000000000000000000F2
:103AD40000000000000000000000000000000000E2
:103AE40000000000000000000000000000000000D2
:103AF40000000000000000000000000000000000C2
:103B040000000000000000000000000000000000B1
:103B140000000000000000000000000000000000A1
:103B24000000000000000000000000000000000091
:103B34000000000000000000000000000000000081
:103B44000000000000000000000000000000000071
:103B54000000000000000000000000000000000061
:103B64000000000000000000000000000000000051
:103B74000000000000000000000000000000000041
:103B84000000000000000000000000000000000031
:103B94000000000000000000000000000000000021
:103BA4000000000000000000000000000000000011
:103BB4000000000000000000000000000000000001
:103BC40000000000000000000000000000000000F1
:103BD40000000000000000000000000000000000E1
:103BE40000000000000000000000000000000000D1
:103BF40000000000000000000000000000000000C1
:103C040000000000000000000000000000000000B0
:103C140000000000000000000000000000000000A0
:103C24000000000000000000000000000000000090
:103C34000000000000000000000000000000000080
:103C44000000000000000000000000000000000070
:103C54000000000000000000000000000000000060
:103C64000000000000000000000000000000000050
:103C74000000000000000000000000000000000040
:103C84000000000000000000000000000000000030
:103C94000000000000000000000000000000000020
:103CA4000000000000000000000000000000000010
:103CB4000000000000000000000000000000000000
:103CC40000000000000000000000000000000000F0
:103CD40000000000000000000000000000000000E0
:103CE40000000000000000000000000000000000D0
:103CF40000000000000000000000000000000000C0
:103D040000000000000000000000000000000000AF
:103D1400000000000000000000000000000000009F
:103D2400000000000000000000000000000000008F
:103D3400000000000000000000000000000000007F
:103D4400000000000000000000000000000000006F
:103D5400000000000000000000000000000000005F
:103D6400000000000000000000000000000000004F
:103D7400000000000000000000000000000000003F
:103D8400000000000000000000000000000000002F
:103D9400000000000000000000000000000000001F
:103DA400000000000000000000000000000000000F
:103DB40000000000000000000000000000000000FF
:103DC40000000000000000000000000000000000EF
:103DD40000000000000000000000000000000000DF
:103DE40000000000000000000000000000000000CF
:103DF40000000000000000000000000000000000BF
:103E040000000000000000000000000000000000AE
:103E1400000000000000000000000000000000009E
:103E2400000000000000000000000000000000008E
:103E3400000000000000000000000000000000007E
:103E4400000000000000000000000000000000006E
:103E5400000000000000000000000000000000005E
:103E6400000000000000000000000000000000004E
:103E7400000000000000000000000000000000003E
:103E8400000000000000000000000000000000002E
:103E9400000000000000000000000000000000001E
:103EA400000000000000000000000000000000000E
:103EB40000000000000000000000000000000000FE
:103EC40000000000000000000000000000000000EE
:103ED40000000000000000000000000000000000DE
:103EE40000000000000000000000000000000000CE
:103EF40000000000000000000000000000000000BE
:103F040000000000000000000000000000000000AD
:103F1400000000000000000000000000000000009D
:103F2400000000000000000000000000000000008D
:103F3400000000000000000000000000000000007D
:103F4400000000000000000000000000000000006D
:103F5400000000000000000000000000000000005D
:103F6400000000000000000000000000000000004D
:103F7400000000000000000000000000000000003D
:103F8400000000000000000000000000000000002D
:103F9400000000000000000000000000000000001D
:103FA400000000000000000000000000000000000D
:103FB40000000000000000000000000000000000FD
:103FC40000000000000000000000000000000000ED
:103FD40000000000000000000000000000000000DD
:103FE40000000000000000000000000000000000CD
:103FF40000000000000000000000000000000000BD
:1040040000000000000000000000000000000000AC
:10401400000000000000000000000000000000009C
:10402400000000000000000000000000000000008C
:10403400000000000000000000000000000000007C
:10404400000000000000000000000000000000006C
:10405400000000000000000000000000000000005C
:10406400000000000000000000000000000000004C
:10407400000000000000000000000000000000003C
:10408400000000000000000000000000000000002C
:10409400000000000000000000000000000000001C
:1040A400000000000000000000000000000000000C
:1040B40000000000000000000000000000000000FC
:1040C40000000000000000000000000000000000EC
:1040D40000000000000000000000000000000000DC
:1040E40000000000000000000000000000000000CC
:1040F40000000000000000000000000000000000BC
:1041040000000000000000000000000000000000AB
:10411400000000000000000000000000000000009B
:10412400000000000000000000000000000000008B
:10413400000000000000000000000000000000007B
:10414400000000000000000000000000000000006B
:10415400000000000000000000000000000000005B
:10416400000000000000000000000000000000004B
:10417400000000000000000000000000000000003B
:10418400000000000000000000000000000000002B
:10419400000000000000000000000000000000001B
:1041A400000000000000000000000000000000000B
:1041B40000000000000000000000000000000000FB
:1041C40000000000000000000000000000000000EB
:1041D40000000000000000000000000000000000DB
:1041E40000000000000000000000000000000000CB
:1041F40000000000000000000000000000000000BB
:1042040000000000000000000000000000000000AA
:10421400000000000000000000000000000000009A
:10422400000000000000000000000000000000008A
:10423400000000000000000000000000000000007A
:10424400000000000000000000000000000000006A
:10425400000000000000000000000000000000005A
:10426400000000000000000000000000000000004A
:10427400000000000000000000000000000000003A
:10428400000000000000000000000000000000002A
:10429400000000000000000000000000000000001A
:1042A400000000000000000000000000000000000A
:1042B40000000000000000000000000000000000FA
:1042C40000000000000000000000000000000000EA
:1042D40000000006666666000000000000000000A2
:1042E40000000000000000000000000000000000CA
:1042F40000000000000000000000000000000000BA
:1043040000000000000000000000000000000000A9
:104314000000000000000000000000000000000099
:1043240000000000000000000000000000006666BD
:1043340066666666000000000000000000000000E1
:104344000000000000000000000000066666660031
:104354000000000000000000000000000000000059
:104364000000000000000000000000000000000049
:104374000000000000000000000000000000000039
:104384000000000000000000000000000000000029
:104394000000000000000000000000000000000019
:1043A40000000000000066666666666600000000A5
:1043B40000000000000000000000006666666666FB
:1043C4006666666666666666666666600000000027
:1043D40000000000000000000000000666666600A1
:1043E4000006666666660000000000000006666659
:1043F40066660000066666660000000000000006AF
:104404006666666000000000000000000000000016
:10441400006666666600006666666666666666666A
:10442400666666666660000000000000000000002A
:10443400000000666666666666666666666666664A
:1044440066666666000000000000000000000000D0
:10445400000000006666666000006666666600002E
:1044640000000000006666666660000066666660BE
:10447400000000000000000666666666000000009A
:10448400000000000000000000666666660000662A
:10449400666666666666666666666666666666001E
:1044A400000000000000000000000066666666660A
:1044B40066666666666666666666666660000000D0
:1044C40000000000000000000000000006666666B0
:1044D400000006666666600000000000006666660E
:1044E4006660000666666660000000000000000664
:1044F40066666666600000000000000000000000C0
:104504000066666666000066666666666666666679
:10451400666666666666666000000000000000006D
:10452400000000000666666666666666666666661F
:104534006666666666666000000000066600000641
:1045440060000000000066666666000066666666D7
:10455400000000000000666666666000006666662D
:10456400600000066000066666666666600000001D
:104574000000000000000666666666660000666667
:10458400666666666666666666666666666666002D
:1045940000000000000000000000000006666666DF
:1045A400666666666666666666666666666666000D
:1045B40000000066660000066660000000000666F3
:1045C4006666600006666666600000000000666657
:1045D40066666000066666660000666660000666DB
:1045E400666666666600000000000000000006665D
:1045F4006666666600006666666666666666666623
:10460400666666666666666000000000000000007C
:1046140000000000060066666666666000000066CC
:104624006666666666666600000066666600000684
:104634006666600000000666666666000666666674
:1046440066000000000666666666000066666666CA
:1046540000666666600006666666666666600000FA
:104664000000000000000666666666660000666676
:10467400666666666666000000000000666666663A
:104684000000000000000000000000000600666654
:1046940066666660000000666666666666666660F4
:1046A400006666666666666666666600000006669E
:1046B4006666000000666666666000000066666600
:1046C40066600000006666666000666660000666F6
:1046D4006666666666660000000000000000066606
:1046E40066666666000066666666666666660000FE
:1046F400000000006666666600000000000000001E
:10470400000000000600666666600000000000000D
:10471400000006666666666006666666006666662D
:104724006666660000000666666600000006666649
:10473400666000000066666666600000066666667F
:104744000000006666600006666666666666666009
:10475400000000000000000000666666660000605D
:10476400066666000000000000000000066666663B
:1047740066000000000000000000000006006666FD
:1047840060000000000000000000006666666660CD
:104794000666660000666666666666000000006679
:1047A40066666000000666666666666666666666D7
:1047B40066000000066666660000666666600006BF
:1047C4006666666666666666600000000000000055
:1047D400006666666600006006666600000000000B
:1047E400000000000666666660000000000000002D
:1047F4000000000006006666600000000000000083
:1048040000000066666666600666660000666666A8
:1048140066666600000000666666660000006666FE
:104824006666666666666666600000006666666062
:1048340000006666666000066666666666666666AC
:104844006600000000000000006666666600006006
:10485400066666000000000000000000066666664A
:104864006000000000000000000000000600666612
:1048740060000000000000000000006666666660DC
:1048840006666666000000066666660000000006AE
:1048940066666600000000000000000000000000E2
:1048A4000000000666666600000066666660000634
:1048B40066666666666666666660000000000000FE
:1048C400006666666600006006666600000000001A
:1048D400000000000666666660000000000000003C
:1048E400000000000600666660000006666666005A
:1048F40000000066666666600000000000000006B6
:1049040066666600000000006666666000000000DF
:104914000000000000000000000000666666600001
:104924000000666666600006666666600666666621
:1049340066660000000000000066666666000060AF
:104944000666660000000000000000000666666659
:104954006000000000000000000000000600666621
:1049640060000006666666000000066666666660AD
:1049740000000000000000066666660000000000FB
:1049840066666666000000666666666666666660FB
:1049940000000066666660000000666666600006E9
:1049A4006666666000000000000000000000000071
:1049B4000066666666000060066666000000000029
:1049C40000000000000000000000000000000000E3
:1049D40000000000060066666666666666666666D1
:1049E4006666666666666600000000000000006693
:1049F4006666660000000000066666660000000643
:104A04006666666666666660000006666666000040
:104A14000000666666600006666666600000000068
:104A2400000000000000000000666666660000608A
:104A340006666600000000000000000000000000A0
:104A44000000000000000000000000000600666690
:104A54006666666666666666666666666666660058
:104A6400000000000000666666666000000000004A
:104A740000666666600000066666666666666600D0
:104A840000006666666000000000666666600006F8
:104A94006666666000006666666666000000000082
:104AA4000066666666000060066666000000000038
:104AB400000000000666666660000000000000005A
:104AC40000000000060066666666666666666666E0
:104AD400666666666666600000000000000666663C
:104AE40066600000000000000006666666000000C4
:104AF40066666666666666000006666666000000B0
:104B04000000666666600006666666600000006611
:104B14006666660000000000006666666600006067
:104B24000666660000000000000000000666666677
:104B34006600000000000000000000000600666639
:104B440066666666666666666666666666660000CD
:104B540000000000006666666600000000000000B9
:104B64000006666666000000666666666666600045
:104B74000006666666000000000066666660000661
:104B84006666666000000006666666000000000057
:104B94000066666666000060066666000000000047
:104BA4000000000000666666660000000000000069
:104BB4000000000006006666666666600000006627
:104BC40066666666666000000000000000066666B1
:104BD4006660000000000000000066666660000079
:104BE400066666666666000000666666600000002B
:104BF4000000666666600006666666600000000087
:104C04000666666600000000006666666600006070
:104C1400066666000000000000000000006666668C
:104C24006600000000000000000000000600666648
:104C3400666666600000006666666666660000007A
:104C440000000000000006666666600000000000C8
:104C54000000066666660000066666666666000014
:104C64006666600660000000000066666660000616
:104C740066666660000000000066666660006000AC
:104C840000666666660000666666660000000000F0
:104C94000000000000666666660000000000000078
:104CA4000000000006666666600000000000000662
:104CB40066666666000000000000000000000066F2
:104CC400666666000000000000000066666660001C
:104CD40000666666666000066666006600000000A0
:104CE4000666600600666006666666600000000090
:104CF40000066666666066000066666666000066B4
:104D0400666666000000000000000000006666663B
:104D140066000000000000000000000006666666F1
:104D24006000000000000000666666666000000027
:104D34000000000000000006666666000000000037
:104D4400000066666660000666666666000666665D
:104D54006006600000000000066660060066666685
:104D64006600000000000000000066666666666675
:104D74006666666600007766666666000000000088
:104D84000000000000666666660000000000000087
:104D940000000000000666666000000000000006D7
:104DA40066666666660000000000000000000006FB
:104DB40066666600000000000000666666660066BF
:104DC40066666666600666660066000000000000AF
:104DD4000666600600666666660000000000000065
:104DE4000000066666666666666666660000776646
:104DF400666666000000000000000000006666664B
:104E04006600000000000000000000000006666666
:104E14006000000000000000666666666000000036
:104E240000000000000000066660060000000000AC
:104E3400666666666666606666666666606666661A
:104E44000666666000000000666600600666066628
:104E540066000000000000000000006666666666EA
:104E64006666666600007766666666000000000097
:104E74000000000000666666660000000000000096
:104E840000000000000666666000000000000000EC
:104E94006666666666000000000000000000000010
:104EA4000660066000000000000006666660000000
:104EB400000066666666666006600000000000002A
:104EC400000666600600066666000000000000003A
:104ED400000000666666666666666666000077665B
:104EE400666666000000000000000000006666665A
:104EF4006600000000000000000000000006666676
:104F0400600000000000000006666666660000009F
:104F1400000000000000000666600660000000005B
:104F240000000000066000000000666666666666B3
:104F3400600660000000000000666600600006660F
:104F44006666600000000000000000666666666633
:104F5400666666660000006666666600000000001D
:104F6400000000000666666666000000000000009F
:104F740000000000000666666000000000000000FB
:104F84000666666666600000000000000000000619
:104F940066600666000000000000000000666666A9
:104FA4006666666666666666606600000000000007
:104FB4000066660060000006666666660000000023
:104FC400000000666666666666666666660000667B
:104FD40066666660000000000000000066666666A3
:104FE4006600000000000000000000000006666685
:104FF4006000000000000000006666666660000055
:10500400066666660000000666600666000000002C
:10501400000000000066666666666666666666662A
:1050240006600000000000000066660060000006E4
:105034006666666600000000000000066666066696
:1050440066666666660000666666666666666666C8
:1050540066666666666666666600000000000000B6
:10506400000000000006666660000000000000000A
:105074000006666666660000066666660000000650
:105084006660066600000000000000000006666618
:10509400666666666666666006600000000000007C
:1050A4000066660060000006666666660000000032
:1050B40000000000006600666666666666000066BC
:1050C400666666666666666666666666666666667C
:1050D4006000000000000000000000000000000666
:1050E40066666000000000000000000066666666F8
:1050F4006660066666660000000666600666000076
:1051040000000000000666666666660666666660FF
:1051140066000000000000000066660060000006F3
:1051240066666666000000000000000000000000E3
:1051340000006666666666000066666666666666A3
:10514400666666666666666666660000000000005F
:1051540000000000000006666666600000000000B3
:10516400000000000666666660000666666660000B
:1051740000666660066600000000000000066666C1
:105184006666600066666606600000000000000057
:10519400006666066000000666666666000000003B
:1051A400000000000000000000000666666666005D
:1051B40000666666666666666666666666666666F1
:1051C40066600000000000000000000000000666A9
:1051D4006666600000000000000000000666666667
:1051E40060000006666666666666666006660000BF
:1051F4000000000000066666666600000666660635
:105204006000000000000000006666660000000602
:1052140066666666000000000000000000000000F2
:10522400000000666666660000666666660000004A
:105234000000000000000000066000000000000004
:1052440000000000066666666000000000000000C2
:10525400000000666666660000006666666666664E
:105264006660066000000000000000000000666642
:10527400666600000666606600000000000000002C
:105284000066666000000006666666660000000050
:105294000000000000000000000000666666660072
:1052A4000066666666666666666666666666666600
:1052B4006000000000000000000000000666666652
:1052C4006000000000000000000000666666666082
:1052D4000000006666666666666006000000000000
:1052E4000000000000000666666600000066666056
:1052F40000000000000000000000000000000006A4
:105304006666666600000000000000000000000001
:1053140000666666660000000000000000000000F1
:105324000000000000000000000000000000000079
:105334000000000000000000000000000000000069
:1053440000000000000000000000000666666666BB
:1053540066666000000000000000000000000666B1
:105364006660000000000000000000000000000073
:105374000000000000000000000000000000000029
:105384000000000000000000000000000000000019
:105394000000000000000000000000000000000009
:1053A40000000000000000000000000000000000F9
:1053B40000000000000000000000000000000000E9
:1053C40000000000000000000000000000000000D9
:1053D400000000000000006666600000000000009D
:1053E40000000000000000000000000000000000B9
:1053F40000000000000000000000000000000000A9
:105404000000000000000000000000000000000098
:105414000000000000000000000000000000000088
:105424000000000000000000000000000000000078
:105434000000000000000000000000000000000068
:105444000000000000000000000000000000000058
:105454000000000000000000000000000000000048
:105464000000000000000000000000000000000038
:105474000000000000000000000000000000000028
:105484000000000000000000000000000000000018
:105494000000000000000000000000000000000008
:1054A40000000000000000000000000000000000F8
:1054B40000000000000000000000000000000000E8
:1054C40000000000000000000000000000000000D8
:1054D40000000000000000000000000000000000C8
:1054E40000000000000000000000000000000000B8
:1054F40000000000000000000000000000000000A8
:105504000000000000000000000000000000000097
:105514000000000000000000000000000000000087
:105524000000000000000000000000000000000077
:105534000000000000000000000000000000000067
:105544000000000000000000000000000000000057
:105554000000000000000000000000000000000047
:105564000000000000000000000000000000000037
:105574000000000000000000000000000000000027
:105584000000000000000000000000000000000017
:105594000000000000000000000000000000000007
:1055A40000000000000000000000000000000000F7
:1055B40000000000000000000000000000000000E7
:1055C40000000000000000000000000000000000D7
:1055D40000000000000000000000000000000000C7
:1055E40000000000000000000000000000000000B7
:1055F40000000000000000000000000000000000A7
:105604000000000000000000000000000000000096
:105614000000000000000000000000000000000086
:105624000000000000000000000000000000000076
:105634000000000000000000000000000000000066
:105644000000000000000000000000000000000056
:105654000000000000000000000000000000000046
:105664000000000000000000000000000000000036
:105674000000000000000000000000000000000026
:105684000000000000000000000000000000000016
:105694000000000000000000000000000000000006
:1056A40000000000000000000000000000000000F6
:1056B40000000000000000000000000000000000E6
:1056C40000000000000000000000000000000000D6
:1056D40000000000000000000000000000000000C6
:1056E40000000000000000000000000000000000B6
:1056F40000000000000000000000000000000000A6
:105704000000000000000000000000000000000095
:105714000000000000000000000000000000000085
:105724000000000000000000000000000000000075
:105734000000000000000000000000000000000065
:105744000000000000000000000000000000000055
:105754000000000000000000000000000000000045
:105764000000000000000000000000000000000035
:105774000000000000000000000000000000000025
:105784000000000000000000000000000000000015
:105794000000000000000000000000000000000005
:1057A40000000000000000000000000000000000F5
:1057B40000000000000000000000000000000000E5
:1057C40000000000000000000000000000000000D5
:1057D40000000000000000000000000000000000C5
:1057E40000000000000000000000000000000000B5
:1057F40000000000000000000000000000000000A5
:105804000000000000000000000000000000000094
:105814000000000000000000000000000000000084
:105824000000000000000000000000000000000074
:105834000000000000000000000000000000000064
:105844000000000000000000000000000000000054
:105854000000000000000000000000000000000044
:105864000000000000000000000000000000000034
:105874000000000000000000000000000000000024
:105884000000000000000000000000000000000014
:105894000000000000000000000000000000000004
:1058A40000000000000000000000000000000000F4
:1058B40000000000000000000000000000000000E4
:1058C40000000000000000000000000000000000D4
:1058D40000000000000000000000000000000000C4
:1058E40000000000000000000000000000000000B4
:1058F40000000000000000000000000000000000A4
:105904000000000000000000000000000000000093
:105914000000000000000000000000000000000083
:105924000000000000000000000000000000000073
:105934000000000000000000000000000000000063
:105944000000000000000000000000000000000053
:105954000000000000000000000000000000000043
:105964000000000000000000000000000000000033
:105974000000000000000000000000000000000023
:105984000000000000000000000000000000000013
:105994000000000000000000000000000000000003
:1059A40000000000000000000000000000000000F3
:1059B40000000000000000000000000000000000E3
:1059C40000000000000000000000000000000000D3
:1059D40000000000000000000000000000000000C3
:1059E40000000000000000000000000000000000B3
:1059F40000000000000000000000000000000000A3
:105A04000000000000000000000000000000000092
:105A14000000000000000000000000000000000082
:105A24000000000000000000000000000000000072
:105A34000000000000000000000000000000000062
:105A44000000000000000000000000000000000052
:105A54000000000000000000000000000000000042
:105A64000000000000000000000000000000000032
:105A74000000000000000000000000000000000022
:105A84000000000000000000000000000000000012
:105A94000000000000000000000000000000000002
:105AA40000000000000000000000000000000000F2
:105AB40000000000000000000000000000000000E2
:105AC40000000000000000000000000000000000D2
:105AD40000000000000000000000000000000000C2
:105AE40000000000000000000000000000000000B2
:105AF40000000000000000000000000000000000A2
:105B04000000000000000000000000000000000091
:105B14000000000000000000000000000000000081
:105B24000000000000000000000000000000000071
:105B34000000000000000000000000000000000061
:105B44000000000000000000000000000000000051
:105B54000000000000000000000000000000000041
:105B64000000000000000000000000000000000031
:105B74000000000000000000000000000000000021
:105B84000000000000000000000000000000000011
:105B94000000000000000000000000000000000001
:105BA40000000000000000000000000000000000F1
:105BB40000000000000000000000000000000000E1
:105BC40000000000000000000000000000000000D1
:105BD40000000000000000000000000000000000C1
:105BE40000000000000000000000000000000000B1
:105BF40000000000000000000000000000000000A1
:105C04000000000000000000000000000000000090
:105C14000000000000000000000000000000000080
:105C24000000000000000000000000000000000070
:105C34000000000000000000000000000000000060
:105C44000000000000000000000000000000000050
:105C54000000000000000000000000000000000040
:105C64000000000000000000000000000000000030
:105C74000000000000000000000000000000000020
:105C84000000000000000000000000000000000010
:105C94000000000000000000000000000000000000
:105CA40000000000000000000000000000000000F0
:105CB40000000000000000000000000000000000E0
:105CC40000000000000000000000000000000000D0
:105CD40000000000000000000000000000000000C0
:105CE40000000000000000000000000000000000B0
:105CF40000000000000000000000000000000000A0
:105D0400000000000000000000000000000000008F
:105D1400000000000000000000000000000000007F
:105D2400000000000000000000000000000000006F
:105D3400000000000000000000000000000000005F
:105D4400000000000000000000000000000000004F
:105D5400000000000000000000000000000000003F
:105D6400000000000000000000000000000000002F
:105D7400000000000000000000000000000000001F
:105D8400000000000000000000000000000000000F
:105D940000000000000000000000000000000000FF
:105DA40000000000000000000000000000000000EF
:105DB40000000000000000000000000000000000DF
:105DC40000000000000000000000000000000000CF
:105DD40000000000000000000000000000000000BF
:105DE40000000000000000000000000000000000AF
:105DF400000000000000000000000000000000009F
:105E0400000000000000000000000000000000008E
:105E1400000000000000000000000000000000007E
:105E2400000000000000000000000000000000006E
:105E3400000000000000000000000000000000005E
:105E4400000000000000000000000000000000004E
:105E5400000000000000000000000000000000003E
:105E6400000000000000000000000000000000002E
:105E7400000000000000000000000000000000001E
:105E8400000000000000000000000000000000000E
:105E940000000000000000000000000000000000FE
:105EA40000000000000000000000000000000000EE
:105EB40000000000000000000000000000000000DE
:105EC40000000000000000000000000000000000CE
:105ED40000000000000000000000000000000000BE
:105EE40000000000000000000000000000000000AE
:105EF400000000000000000000000000000000009E
:105F0400000000000000000000000000000000008D
:105F1400000000000000000000000000000000007D
:105F2400000000000000000000000000000000006D
:105F3400000000000000000000000000000000005D
:105F4400000000000000000000000000000000004D
:105F5400000000000000000000000000000000003D
:105F6400000000000000000000000000000000002D
:105F7400000000000000000000000000000000001D
:105F8400000000000000000000000000000000000D
:105F940000000000000000000000000000000000FD
:105FA40000000000000000000000000000000000ED
:105FB40000000000000000000000000000000000DD
:105FC40000000000000000000000000000000000CD
:105FD40000000000000000000000000000000000BD
:105FE40000000000000000000000000000000000AD
:105FF400000000000000000000000000000000009D
:10600400000000000000000000000000000000008C
:10601400000000000000000000000000000000007C
:10602400000000000000000000000000000000006C
:10603400000000000000000000000000000000005C
:10604400000000000000000000000000000000004C
:10605400000000000000000000000000000000003C
:10606400000000000000000000000000000000002C
:10607400000000000000000000000000000000001C
:10608400000000000000000000000000000000000C
:1060940000000000000000000000000000000000FC
:1060A40000000000000000000000000000000000EC
:1060B40000000000000000000000000000000000DC
:1060C40000000000000000000000000000000000CC
:1060D40000000000000000000000000000000000BC
:1060E40000000000000000000000000000000000AC
:1060F400000000000000000000000000000000009C
:10610400000000000000000000000000000000008B
:10611400000000000000000000000000000000007B
:10612400000000000000000000000000000000006B
:1061340000066000000000000000000000000000F5
:10614400000000000000000000000000000000004B
:10615400000000000000000000000000000000003B
:10616400000000000000000000000000000000002B
:10617400000000000000000000000000000000001B
:10618400000000000000000000000000000000000B
:1061940000000000000000000000000000000000FB
:1061A4000000000000000000000660000000000085
:1061B40000000000000000000000006666666666DD
:1061C400677777777700007777666660000000006E
:1061D4000000000000000000000000000066666689
:1061E40060000066666666600000000000000066ED
:1061F4006666666000007777777000000000000034
:1062040006666666600000000000000000000000F2
:1062140000666666660000666666666600000006DE
:10622400666666666660000000000000000000000C
:1062340000000066666666666777777777000077A2
:1062440077666666000000000000000000000000A1
:10625400000000000006666666000006666666606A
:106264000000000000000666666666000007777797
:106274007700000000000000066666666600000005
:10628400000000000000000000666666660000660C
:106294006666666600000006666666666666660092
:1062A40000000000000000000000006666666666EC
:1062B4006777777777000077776666666000000017
:1062C40000000000000000000000000000006666FE
:1062D40066600000666666660000000000000666F0
:1062E400666666000077777777000000000000009C
:1062F400066666666660000000000000000000009C
:1063040000666666660000666666666600000006ED
:10631400666666666666666000000000000000004F
:1063240000000000066666666666666666666777EF
:1063340077666666666660000000000677777766B3
:1063440060000000000066666666000066666666B9
:1063540000000000000066666666600000777777DC
:106364007000000000000770000777777777777078
:1063740000000000000000066666666666000066AF
:106384006666666677777776666666666666666666
:1063940000000000000000000000000006666666C1
:1063A40066666666666667777766666666666600CC
:1063B4000000006677777766666000000000066676
:1063C4006666600006666666600000000000666639
:1063D40066666000077777770000000000777770C3
:1063E40000077777777777770000000000000006D2
:1063F40066666666660000666666666677777776C2
:1064040066666666666666666000000000000000F8
:106414000000000006006666666666666666677764
:1064240077666666666666000000666677777766F6
:106434006666600000000666666666000666666656
:106444006600000000066666666600007777777768
:106454000000000077777770000777777777777792
:10646400700000000000000666666666660000664E
:1064740066666666777777766660066666666666DB
:1064840066000000000000000000000006006666D0
:10649400666666666666677777666666666666607B
:1064A400006666667777776666666600000006664D
:1064B40066660000006666666660000000666666E2
:1064C40066600000007777777000000000777770CF
:1064D400000777777777777777000000000000066A
:1064E40066666666660000666666666677777776D1
:1064F4006660066666666666660000000000000068
:106504000000000006006666666000000000077771
:1065140070000666666666600666666600000006CB
:10652400666666000000066666660000000666662B
:106534006660000000666666666000000666666661
:1065440000000067777000066666666666666660C9
:10655400000000000000000000666666660000603F
:106564000666660077777770000000000666666648
:1065740066000000000000000000000006006666DF
:1065840060000000000007777000006666666660C1
:106594000666660000000006666666000000006687
:1065A40066666000000666666666666666666666B9
:1065B40066000000066666660000666666600006A1
:1065C4006666666666666666600000000000000037
:1065D4000066666666000060066666007777777018
:1065E400000000000666666660000000000000000F
:1065F40000000000060066666000000000000777E7
:106604007000006666666660066666000000666680
:10661400666000000007777777700000066666669C
:1066240066666666600066666000000066666660B0
:10663400000066666660000666666666666666668E
:1066440066000000000000000066666666000060E8
:106654000666660077777770000000000666666657
:1066640060000000000000000000000006006666F4
:1066740060000000000000000000006666666660BE
:10668400066666660000666666600000000077774E
:10669400777000000000000000000000000000000F
:1066A4000000000666666600000066666660000616
:1066B40066666666666666666660000000000007D9
:1066C40077777770000600666660000000000000BF
:1066D400000000000666666660000000000000001E
:1066E4000000000006006666600000000000000074
:1066F40000000066666666600000000000006666D2
:106704006660000000000777777700000000000053
:1067140000000000000000000000006666666000E3
:106724000000666666600006666666600666666603
:106734006666000000000007777777700006006641
:106744006660000000000000000000000666666647
:106754006000000000000000000000000600666603
:1067640060000000000000000000066666666660C7
:106774000000000000006666666000000000077705
:106784007777700000066666666666666000666017
:1067940000000066666660000000666666600006CB
:1067A400666666600000000000000000000000074C
:1067B40077777770000600666660000000000000CE
:1067C40000000000000000000000000000000000C5
:1067D400000000000600666666666666666660001F
:1067E4000766666666666600000000000006666668
:1067F400666000000000007777777000000066662E
:10680400666666666000766000000666666600007E
:10681400000066666660000666666660000000004A
:10682400000000000000000777777770000600661C
:10683400666000000000000000000000000000008E
:106844000000000000000000000000000600666672
:106854006666666666666000076666666666660005
:10686400000000000000666666666000000000002C
:106874000066666660000006666666666777760090
:1068840000006666666000000000666666600006DA
:1068940066666660000066666666666600000007F7
:1068A40077777770000600666660000000000000DD
:1068B400000000000666666660000000000000003C
:1068C400000000000600666666666666666660002E
:1068D400076666666666600000000000000666667D
:1068E40066600000000000000006666666000000A6
:1068F4006666666667777600000666666600000070
:1069040000006666666000066666666000000066F3
:106914006666666660000000006666666600006083
:10692400066666000000000000000000000677779D
:106934007777000000000000000000000600666693
:10694400666666666666677777666666666600008C
:10695400000000000066666666000000000000009B
:106964000006666666000000666666666777700005
:106974000006666666000000000066666660000643
:10698400666666600000000666666666666000000D
:106994000066666666000060066666000000000029
:1069A4000000000000007777777700000000000007
:1069B40000000000060066666666666666666777BF
:1069C4007766666666600000000000000006666682
:1069D400666000000000000000006666666000005B
:1069E40006666666677700000066666660000000FB
:1069F4000000666666600006666666600000000069
:106A04000666666666660000006666666600006086
:106A140006666600000000000000000000007777B2
:106A240077770000000000000000000006006666A2
:106A34006666666666666777776666666600000001
:106A440000000000000006666666600000000000AA
:106A540000000666666600000666666667770000E4
:106A640066666006600000000000666666600006F8
:106A74006666666000000000006666666666600022
:106A840000666666660000666666660000000000D2
:106A94000000000000007777777700000000000016
:106AA40000000000066666666000000000000777CC
:106AB40077666666000000000000000000000066C3
:106AC40066666600000000000000006666666000FE
:106AD4000066666667700006666600660000000071
:106AE4000000666666600006666666600000000078
:106AF4000006666666666600006666666600006690
:106B04006666660000000000000000000000777761
:106B1400777700000000000000000000066666664B
:106B2400600000000000077777666666600000007A
:106B34000000000000000006666666000000000019
:106B4400000000066666660000666666677000669A
:106B54006666006600000000000066660060077755
:106B6400777770000000000000006666666666665F
:106B7400666666660000666666666600000000007B
:106B84000000000000007777777700000000000025
:106B94000000000000066666600000000000077741
:106BA40077666666660000000000000000000006CC
:106BB4006666660000000000000000066666666007
:106BC4000666666667770066666006600000000019
:106BD40000006666006007777777700000000000A9
:106BE4000000066666666666666666660000666639
:106BF400666666000000000000000000006666662D
:106C04006600000000000000000000000006666648
:106C14006000000000000007776666666000000000
:106C2400000000000000000666600600000000008E
:106C34000006666666666666066666666777066664
:106C4400666066666600000000006666006007779E
:106C540077777000000000000000006666666666D4
:106C6400666666660000666666666600000000008A
:106C74000000000000666666660000000000000078
:106C840000000000000667776000000000000000BC
:106C940066666666660000000000000000000000F2
:106CA400066006600000000000000000666666667C
:106CB40066666666666666666600660000000000D4
:106CC40000006666006007777777700000000000B8
:106CD40000000006666666666666666600006666AE
:106CE400666666000000000000000000006666663C
:106CF4006600000000000000000000000006677746
:106D0400600000000000000666666666660000001B
:106D1400000000000000000677700770000000000B
:106D240000000000066666666666666666666666F7
:106D340060066000000000000000666600600777DF
:106D440077777000000000000000000000666666AF
:106D540066666666000000666666660000000000FF
:106D64000000000006666666660000000000000081
:106D740000000000000667776000000000000000CB
:106D8400666666666660000000000000000000069B
:106D94007770077700000000000000000066666658
:106DA40066666666666666666066000000000000E9
:106DB4000000666600600006666666660000000005
:106DC400000000000000666666666666660000668F
:106DD4006666666000000000000000006666666685
:106DE4006600000000000000000000000006677755
:106DF40060000000000000000077777777700000E3
:106E040007777776000000067770077700000000A8
:106E1400000000000066666666666666666666660C
:106E240006600000000000000000666600600006C6
:106E3400666666660000000000000000000006664A
:106E4400666666666600006666666666000000063C
:106E54006666666666666666660000000000000098
:106E640000000000000667776000000000000000DA
:106E74007777777777770777777777760006666619
:106E840077770777000000000000000000066666C0
:106E9400666666000066666666600660000000005E
:106EA4000000000066660060000666666666000014
:106EB4000000000000000066666666666600006604
:106EC40066666666000000066666666666666666F0
:106ED400600000000000000000000000000667776A
:106EE40060000000000000000777777770000777E4
:106EF4007777700000666660077700000000000086
:106F040000000000000666666666660000066666A7
:106F14006660660000000000000000006666006015
:106F240000066666666600000000000000000000BF
:106F3400666666666600006666666666000000064B
:106F4400666666666666666600000000000000000D
:106F54000000000006666777600000000000000083
:106F64000777777770000006666666666666666011
:106F740007770000000000000000000000006666C3
:106F84006666600000006666660660000000000039
:106F94000000000066660060000666666666000023
:106FA40000000000000000000666666666000066D9
:106FB4006666666677777776666666666666666030
:106FC4000000000000000000000000000666677773
:106FD40060000000000000000066666666000000B5
:106FE40066666666666666600770000000000000FC
:106FF40000000000000006666666000000000666E9
:10700400660660000000000000000000666606607E
:1070140000066666666600000000000000000000CE
:107024000066666666000066666666007777777057
:1070340000000000000006600000000000000000E6
:1070440000000000066666666000000000000000A4
:107054000066666666600000006666666666666070
:1070640007000000000000000000000000000666A9
:107074006660000000000666606600000000000014
:10708400000000006666660000066666666600002C
:1070940000000000000000000066666666000066EE
:1070A40066666666777777766666666666666000A5
:1070B4000000000000000000000000000666666694
:1070C400600000000000000000000000000000005C
:1070D40000000000000000000000000000000000AC
:1070E400000000000000006666600000000000660A
:1070F400666000000000000000000000666660009A
:1071040000066666666600000000000000000000DD
:1071140000666666660000000000000077777770FE
:10712400000000000000000000000000000000005B
:10713400000000000000000000000000000000004B
:107144000000000000000000000000077777777758
:1071540077777000000000000000000000000000CD
:10716400000000000000000000000000000000001B
:10717400000000000000000000000000000000000B
:1071840000000000000000000000000000000000FB
:1071940000000000000000000000000000000000EB
:1071A40000000000000000000000000000000000DB
:1071B40000000000000000000000000000000000CB
:1071C40000000000000000000000000000000000BB
:1071D40000000000000000000000000000000000AB
:1071E400000000000000000000000000000000009B
:1071F400000000000000000000000000000000008B
:1072040000000000000000000000000077777770A5
:10721400000000000000000000000000000000006A
:10722400000000000000000000000000000000005A
:10723400000000000000000000000000000000004A
:10724400000000000000000000000000000000003A
:10725400000000000000000000000000000000002A
:10726400000000000000000000000000000000001A
:10727400000000000000000000000000000000000A
:1072840000000000000000000000000000000000FA
:1072940000000000000000000000000000000000EA
:1072A40000000000000000000000000000000000DA
:1072B40000000000000000000000000000000000CA
:1072C40000000000000000000000000000000000BA
:1072D40000000000000000000000000000000000AA
:1072E400000000000000000000000000000000009A
:1072F400000000000000000000000000000000008A
:107304000000000000000000000000000000000079
:107314000000000000000000000000000000000069
:107324000000000000000000000000000000000059
:107334000000000000000000000000000000000049
:107344000000000000000000000000000000000039
:107354000000000000000000000000000000000029
:107364000000000000000000000000000000000019
:107374000000000000000000000000000000000009
:1073840000000000000000000000000000000000F9
:1073940000000000000000000000000000000000E9
:1073A40000000000000000000000000000000000D9
:1073B40000000000000000000000000000000000C9
:1073C40000000000000000000000000000000000B9
:1073D40000000000000000000000000000000000A9
:1073E4000000000000000000000000000000000099
:1073F4000000000000000000000000000000000089
:107404000000000000000000000000000000000078
:107414000000000000000000000000000000000068
:107424000000000000000000000000000000000058
:107434000000000000000000000000000000000048
:107444000000000000000000000000000000000038
:107454000000000000000000000000000000000028
:107464000000000000000000000000000000000018
:107474000000000000000000000000000000000008
:1074840000000000000000000000000000000000F8
:1074940000000000000000000000000000000000E8
:1074A40000000000000000000000000000000000D8
:1074B40000000000000000000000000000000000C8
:1074C40000000000000000000000000000000000B8
:1074D40000000000000000000000000000000000A8
:1074E4000000000000000000000000000000000098
:1074F4000000000000000000000000000000000088
:107504000000000000000000000000000000000077
:107514000000000000000000000000000000000067
:107524000000000000000000000000000000000057
:107534000000000000000000000000000000000047
:107544000000000000000000000000000000000037
:107554000000000000000000000000000000000027
:107564000000000000000000000000000000000017
:107574000000000000000000000000000000000007
:1075840000000000000000000000000000000000F7
:1075940000000000000000000000000000000000E7
:1075A40000000000000000000000000000000000D7
:1075B40000000000000000000000000000000000C7
:1075C40000000000000000000000000000000000B7
:1075D40000000000000000000000000000000000A7
:1075E4000000000000000000000000000000000097
:1075F4000000000000000000000000000000000087
:107604000000000000000000000000000000000076
:107614000000000000000000000000000000000066
:107624000000000000000000000000000000000056
:107634000000000000000000000000000000000046
:107644000000000000000000000000000000000036
:107654000000000000000000000000000000000026
:107664000000000000000000000000000000000016
:107674000000000000000000000000000000000006
:1076840000000000000000000000000000000000F6
:1076940000000000000000000000000000000000E6
:1076A40000000000000000000000000000000000D6
:1076B40000000000000000000000000000000000C6
:1076C40000000000000000000000000000000000B6
:1076D40000000000000000000000000000000000A6
:1076E4000000000000000000000000000000000096
:1076F4000000000000000000000000000000000086
:107704000000000000000000000000000000000075
:107714000000000000000000000000000000000065
:107724000000000000000000000000000000000055
:107734000000000000000000000000000000000045
:107744000000000000000000000000000000000035
:107754000000000000000000000000000000000025
:107764000000000000000000000000000000000015
:107774000000000000000000000000000000000005
:1077840000000000000000000000000000000000F5
:1077940000000000000000000000000000000000E5
:1077A40000000000000000000000000000000000D5
:1077B40000000000000000000000000000000000C5
:1077C40000000000000000000000000000000000B5
:1077D40000000000000000000000000000000000A5
:1077E4000000000000000000000000000000000095
:1077F4000000000000000000000000000000000085
:107804000000000000000000000000000000000074
:107814000000000000000000000000000000000064
:107824000000000000000000000000000000000054
:107834000000000000000000000000000000000044
:107844000000000000000000000000000000000034
:107854000000000000000000000000000000000024
:107864000000000000000000000000000000000014
:107874000000000000000000000000000000000004
:1078840000000000000000000000000000000000F4
:1078940000000000000000000000000000000000E4
:1078A40000000000000000000000000000000000D4
:1078B40000000000000000000000000000000000C4
:1078C40000000000000000000000000000000000B4
:1078D40000000000000000000000000000000000A4
:1078E4000000000000000000000000000000000094
:1078F4000000000000000000000000000000000084
:107904000000000000000000000000000000000073
:107914000000000000000000000000000000000063
:107924000000000000000000000000000000000053
:107934000000000000000000000000000000000043
:107944000000000000000000000000000000000033
:107954000000000000000000000000000000000023
:107964000000000000000000000000000000000013
:107974000000000000000000000000000000000003
:1079840000000000000000000000000000000000F3
:1079940000000000000000000000000000000000E3
:1079A40000000000000000000000000000000000D3
:1079B40000000000000000000000000000000000C3
:1079C40000000000000000000000000000000000B3
:1079D40000000000000000000000000000000000A3
:1079E4000000000000000000000000000000000093
:1079F4000000000000000000000000000000000083
:107A04000000000000000000000000000000000072
:107A14000000000000000000000000000000000062
:107A24000000000000000000000000000000000052
:107A34000000000000000000000000000000000042
:107A44000000000000000000000000000000000032
:107A54000000000000000000000000000000000022
:107A64000000000000000000000000000000000012
:107A74000000000000000000000000000000000002
:107A840000000000000000000000000000000000F2
:107A940000000000000000000000000000000000E2
:107AA40000000000000000000000000000000000D2
:107AB40000000000000000000000000000000000C2
:107AC40000000000000000000000000000000000B2
:107AD40000000000000000000000000000000000A2
:107AE4000000000000000000000000000000000092
:107AF4000000000000000000000000000000000082
:107B04000000000000000000000000000000000071
:107B14000000000000000000000000000000000061
:107B24000000000000000000000000000000000051
:107B34000000000000000000000000000000000041
:107B44000000000000000000000000000000000031
:107B54000000000000000000000000000000000021
:107B64000000000000000000000000000000000011
:107B74000000000000000000000000000000000001
:107B840000000000000000000000000000000000F1
:107B940000000000000000000000000000000000E1
:107BA40000000000000000000000000000000000D1
:107BB40000000000000000000000000000000000C1
:107BC40000000000000000000000000000000000B1
:107BD40000000000000000000000000000000000A1
:107BE4000000000000000000000000000000000091
:107BF4000000000000000000000000000000000081
:107C04000000000000000000000000000000000070
:107C14000000000000000000000000000000000060
:107C24000000000000000000000000000000000050
:107C34000000000000000000000000000000000040
:107C44000000000000000000000000000000000030
:107C54000000000000000000000000000000000020
:107C64000000000000000000000000000000000010
:107C74000000000000000000000000000000000000
:107C840000000000000000000000000000000000F0
:107C940000000000000000000000000000000000E0
:107CA40000000000000000000000000000000000D0
:107CB40000000000000000000000000000000000C0
:107CC40000000000000000000000000000000000B0
:107CD40000000000000000000000000000000000A0
:107CE4000000000000000000000000000000000090
:107CF4000000000000000000000000000000000080
:107D0400000000000000000000000000000000006F
:107D1400000000000000000000000000000000005F
:107D2400000000000000000000000000000000004F
:107D3400000000000000000000000000000000003F
:107D4400000000000000000000000000000000002F
:107D5400000000000000000000000000000000001F
:107D6400000000000000000000000000000000000F
:107D740000000000000000000000000000000000FF
:107D840000000000000000000000000000000000EF
:107D940000000000000000000000000000000000DF
:107DA40000000000000000000000000000000000CF
:107DB40000000000000000000000000000000000BF
:107DC40000000000000000000000000000000000AF
:107DD400000000000000000000000000000000009F
:107DE400000000000000000000000000000000008F
:107DF400000000000000000000000000000000007F
:107E0400000000000000000000000000000000006E
:107E1400000000000000000000000000000000005E
:107E2400000000000000000000000000000000004E
:107E3400000000000000000000000000000000003E
:107E4400000000000000000000000000000000002E
:107E5400000000000000000000000000000000001E
:107E6400000000000000000000000000000000000E
:107E740000000000000000000000000000000000FE
:107E840000000000000000000000000000000000EE
:107E940000000000000000000000000000000000DE
:107EA40000000000000000000000000000000000CE
:107EB40000000000000000000000000000000000BE
:107EC40000000000000000000000000000000000AE
:107ED400000000000000000000000000000000009E
:107EE400000000000000000000000000000000008E
:107EF4000000000000000000000000000000006618
:107F04006600000000000000000000000000000007
:107F1400000000000000000000000000000000005D
:107F2400000000000000000000000000000000004D
:107F3400000000000000000000000000000000003D
:107F440000000000000000000000000666666600F5
:107F5400000000000000000000000000000000001D
:107F6400000000000000000000000000000000000D
:107F7400000000000000066666000000000000002B
:107F840000000000000000000000000000000000ED
:107F94000000000000000000000000000000006677
:107FA4006666666000000066600000000000000075
:107FB40000000000000000000000000000000000BD
:107FC4000000000666666600000000000000000075
:107FD400000000000000000000000000000000009D
:107FE4000000000000000000000000000000066621
:107FF4006600000000000000000000000000000017
:10800400000000000000000000000000000000006C
:108014000000000000000066666666666000006698
:1080240060000000000000000000000000000000EC
:1080340000000000066666666000006666666666A6
:10804400666666666600000000000000000000002E
:1080540000000000000006666666000006666666AC
:1080640066000000000006666666666000006666DC
:10807400666000000000000666666660000000009E
:1080840000000000000000000066660066660066EE
:1080940066666666600666666666666666600000B4
:1080A4000000000000000000000000000666666694
:1080B4006000006666666666666666666660000000
:1080C4000000000000000000000000000000006646
:1080D400666660000066666666000000000006666C
:1080E400666666000006666666000000000000061C
:1080F400666666660660000000000000000000007E
:10810400006666006666006666666666666666663D
:108114006666666666666600000000000000000091
:1081240000000000066666666666666666666666E3
:1081340066666666666600000000000000000000D7
:108144000000000000000006666666000006666621
:108154006660000000000666666666000066666685
:10816400660000000000000666666666666600003B
:1081740000000000000000000066660066660066FD
:108184006666666666666666666666666666666091
:1081940000000000000000000000000006666666A3
:1081A40066666666666666666666666666666000D7
:1081B40000000006666000666666000000000006B7
:1081C40066666660000666666660000000006666B5
:1081D4006666600000666666600000000660000671
:1081E4006666666666660000000000000000000621
:1081F4006666660066660000000000000666666645
:10820400666666666666666600000000000000003A
:1082140000000000066666666666666666666666F2
:1082240066666666666666000000006666600066EE
:1082340066666600000000006666666600006666A4
:10824400666600000000666666666000066666662E
:108254000000006666600006666666666666000084
:108264000000000000000006666666006666000006
:108274000000000006666666666666666666666692
:1082840060000000000000000000000006006666B8
:108294006666666000000066666666666666660018
:1082A400000066666660006666666666000000003A
:1082B40066666666600066666666600000066666F8
:1082C40066660000666666660000666666600006AE
:1082D40066666666666660000000000000000006D0
:1082E400666666006666006666666666666666005C
:1082F4000666666666666666660000000000000044
:10830400000000000600666666666660000000669F
:108314006666666666666660006666666666666665
:1083240066666600000006666666000000666666AD
:10833400666000000066666660600000006666664F
:1083440060000066666000066666666666666600CD
:1083540000000000000000066666660066660066AF
:10836400666666666666660006666666666666666F
:1083740066000000000000000000000006006666C1
:1083840066666600000000000000066666666660B9
:1083940006666666000000066666660000000666FD
:1083A400666600000006666666600000006660009F
:1083B40000600000066666660000006666600006EF
:1083C400666666666666666000000000000000007F
:1083D4000066660066660060066666066660000003
:1083E40000000000066666666600000000000000EB
:1083F4000000000006006666666666000000000075
:108404000000006666666660066666000000000698
:1084140066666600000000666666600000066666C2
:10842400666666666666600000000000066666664C
:108434000000666666600006666666666666666670
:1084440060000000000000000066660066660060D0
:10845400066666000000000000000000066666660E
:1084640060000000000000000000000006006666D6
:10847400666000000000000000000066666666603A
:108484000666660000000006666666000000006678
:1084940066666600000066666666666666666660B0
:1084A400000000006666666000006666666000069E
:1084B400666666666000666666000000000000008E
:1084C40000666600666600600666660000000000DE
:1084D4000000000006666666600000000000000000
:1084E4000000000006006666600000000000000056
:1084F4000000006666666660066666660000000642
:1085040066666600000000066666660000000000FD
:1085140000000000000006600000000666666600B9
:1085240000006666666000066666666660006666EB
:108534006660000000000000006666666600006079
:10854400066666000000000000000000066666661D
:1085540060000000000000000000000006006666E5
:108564006000000666666600000000666666666077
:1085740000000000000000066666660000000000BF
:10858400666666600000000000000000000006004F
:1085940000000066666660000000666666600006AD
:1085A4006666666006666666666600000000000031
:1085B40000666666660000600666660000000000ED
:1085C400000000000666666660000000000000000F
:1085D400000000000600666660000006666666002D
:1085E4000000066666666660000000000000000683
:1085F4006666660000000000666666660000006647
:10860400666666666666660000000066666660000A
:10861400000066666660000666666660000000002C
:10862400000000000000000000666666660000604E
:108634000666660000000000000000000000000064
:108644000000000000000000000000000600666654
:1086540060000066666666666666666666666600EE
:10866400000000000000006666666600000000006E
:1086740006666666000000066666666666666000F4
:108684000000066666660000000066666660000616
:108694006666666000000000000000000000000044
:1086A40000666666660000600666660000000000FC
:1086B40000000000000000000000000000000000B6
:1086C4000000000006006666600000666666666676
:1086D4006666666666666600000000000666666694
:1086E40066000000000000066666660000000006E2
:1086F4006666666666666000000066666660000020
:10870400000066666660000666666660000066666F
:1087140066666666000000000066666666000060C5
:10872400066666000000000000000000066666663B
:108734006000000000000000000000000600666603
:108744006666666666666666666666666666600031
:10875400000000006666666600000000000000007D
:1087640066666660000000006666666666666000AF
:1087740066066666660000000000666666600006BF
:1087840066666660000000666666666660000000F5
:10879400006666666600006006666600000000000B
:1087A4000000000006666666660000000000000027
:1087B40000000000060066666666666666666666B3
:1087C40066666666666600000000000666666660A9
:1087D4000000000000000000666666600000000003
:1087E400666666666666600666066666660000001D
:1087F4000000666666600006666666600000000645
:10880400666666666660000000666666660000600E
:108814000666660000000000000000000066666650
:10882400660000000000000000000000060066660C
:1088340066666660000000666666666666600000DE
:10884400000000006666666600000000000000008C
:108854000666666600000000066666666666006672
:108864006666666660000000000066666660000674
:10887400666666600000000006666666666600005E
:10888400006666666600006006666600000000001A
:10889400000000000066666666000000000000003C
:1088A40000000000060066666666666000000066FA
:1088B4006666666666000000000000000066666684
:1088C40066000000000000000066666660000000AC
:1088D4000666666666660066666660066000000098
:1088E400000066666660000666666660000000005A
:1088F4000066666666666000006666666600006618
:1089040066666600000000000000000000666666FF
:1089140066000000000000000000000006666666B5
:108924006666660000000006666666660000000073
:10893400000000000006666666600000000000009B
:10894400000666666000600000666666666006662D
:1089540066660066000000000000000666666600A9
:1089640000666666660000000000006666666600D3
:1089740000666666660000666666660000000000C3
:10898400000000000000066666666000000000004B
:108994000000000006666666666666000000000069
:1089A40066666666600000000000000000000006C5
:1089B4006666660000000000000000066666660049
:1089C40000666666666000000066006600000000DF
:1089D4000000000666600600666666660000000029
:1089E4000000000666666666666666660000666681
:1089F40066666600000000000000000000000666D5
:108A04006666600000000000000000000006666664
:108A140060000000000000066666666666000000EE
:108A2400000000000000000666666600000000000A
:108A34000000000666666660066666666666000096
:108A4400006006600000000000000006666006008A
:108A540066666666000000000000000066666666E2
:108A6400666666660000666666666600000000006C
:108A7400000000000000066666666000000000005A
:108A840000000000000666666000000000000000B0
:108A940066666666600000000000000000000006D4
:108AA400666006000000000000066666666666668C
:108AB400066666666666000000606666660000001C
:108AC40000006666006006666666600000000000DE
:108AD4000000006666666666666666660000666630
:108AE400666666000000000000000000006666661E
:108AF400660000000000000000000000000666663A
:108B04006000000000000000666666666600000003
:108B14000000000000000000066006600000000085
:108B24000000000066666666666666666666666679
:108B340066006600000000000000666600600666CD
:108B44006666600000000000000000066666666657
:108B5400666666660000666666666600000000007B
:108B64000000000000666666660000000000000069
:108B740000000000000666666000000000000000BF
:108B8400066666666600000000000000000000063D
:108B9400666006600000000000000000066666666D
:108BA40066666666666666666006600000000000CB
:108BB40000006666006006666666600000000000ED
:108BC4000000000000666666666666660000006671
:108BD4006666660000000066600000000666666661
:108BE4006600000000000000000000000006666649
:108BF4006000000000000000066666666660000013
:108C04000000000000000006666006660000000028
:108C140000000000006666666666666666666666EE
:108C24006066000000000000000066660060000648
:108C340066666666000000000000000000006666CC
:108C440066666666660000666666666000000066C4
:108C540060000000666666666600000000000000B2
:108C640000000000000666666000000000000000CE
:108C740000666666666000000666666600000006BA
:108C8400666006660000000000000000006666667C
:108C9400666666666666666606600000000000003A
:108CA40000006666006000066666666600000000F6
:108CB40000000000000006666666666666000066E0
:108CC400666666600006666666666666666666660C
:108CD4006600000000000000000000000006666658
:108CE4006000000000000000000666666666000082
:108CF4000666666600000006666006660000000000
:108D04000000000000066666666666666666666063
:108D140006600000000000000000666600600006B7
:108D24006666666600000000000000000000006641
:108D34006666666666000066666666666666660001
:108D440006666666666666666000000000000000EF
:108D540000000000066666600000000000000000DD
:108D64000066666666666006666666000000066003
:108D7400066006660000000000000000000666664B
:108D840066666606666666606600000000000000AF
:108D94000000666600600006666666660000000005
:108DA400000000000000000066666666660000665B
:108DB4006666666666666600066666666666666615
:108DC4000000000000000000000000066666666007
:108DD40000000000000000000006666666600006F1
:108DE4006666666000006660066006660000000055
:108DF400000000000000666666666000666666063F
:108E040060000000000000000000666600600006CC
:108E140066666666000000000000000000000000B6
:108E2400066666666600006666666666666666660A
:108E34006666666666666660000000000000000004
:108E44000000000666666660000000000000000086
:108E540000066666666000000666666666666660AC
:108E640006600666000000000000000000000666C0
:108E74006666006666606600000000000000000090
:108E8400066660660000000666666666000000000E
:108E940000000000000000000066666666000066D0
:108EA4006666660000000000000000000000066026
:108EB4000000000000000000000000066666666016
:108EC4000000000000000000000066666666000006
:108ED40000666666666666600660066000000000FE
:108EE400000000000000066666600066660660001A
:108EF4000000000000000000066666600000000636
:108F040066666666000000000000000000000000C5
:108F1400006666666600006666666666666666661F
:108F24006666666666666000000000000000000079
:108F34000000000666666660000000000000000095
:108F440000006666666660000000666666666660C7
:108F5400066006000000000000000000000000663B
:108F64006660000666660000000000000000000065
:108F7400066666000000000666666666000000007D
:108F84000000000000000000006666666600000045
:108F940000000000000000000000000000000000CD
:108FA40000000000000000000000000000000000BD
:108FB40000000000000000000000000000000000AD
:108FC40000000666666666600666600000000000D3
:108FD400000000000000000000000000000000008D
:108FE400000000000000000000000000000000007D
:108FF400000000000000000000000000000000006D
:10900400000000000000000000000000000000005C
:10901400000000000000000000000000000000004C
:10902400000000000000000000000000000000003C
:10903400000000000000000000000000000000002C
:10904400000000000000000000000000000000001C
:10905400000000000000000000000000000000000C
:1090640000000000000000000000000000000000FC
:1090740000000000000000000000000000000000EC
:1090840000000000000000000000000000000000DC
:1090940000000000000000000000000000000000CC
:1090A40000000000000000000000000000000000BC
:1090B40000000000000000000000000000000000AC
:1090C400000000000000000000000000000000009C
:1090D400000000000000000000000000000000008C
:1090E400000000000000000000000000000000007C
:1090F400000000000000000000000000000000006C
:10910400000000000000000000000000000000005B
:10911400000000000000000000000000000000004B
:10912400000000000000000000000000000000003B
:10913400000000000000000000000000000000002B
:10914400000000000000000000000000000000001B
:10915400000000000000000000000000000000000B
:1091640000000000000000000000000000000000FB
:1091740000000000000000000000000000000000EB
:1091840000000000000000000000000000000000DB
:1091940000000000000000000000000000000000CB
:1091A40000000000000000000000000000000000BB
:1091B40000000000000000000000000000000000AB
:1091C400000000000000000000000000000000009B
:1091D400000000000000000000000000000000008B
:1091E400000000000000000000000000000000007B
:1091F400000000000000000000000000000000006B
:10920400000000000000000000000000000000005A
:10921400000000000000000000000000000000004A
:10922400000000000000000000000000000000003A
:10923400000000000000000000000000000000002A
:10924400000000000000000000000000000000001A
:10925400000000000000000000000000000000000A
:1092640000000000000000000000000000000000FA
:1092740000000000000000000000000000000000EA
:1092840000000000000000000000000000000000DA
:1092940000000000000000000000000000000000CA
:1092A40000000000000000000000000000000000BA
:1092B40000000000000000000000000000000000AA
:1092C400000000000000000000000000000000009A
:1092D400000000000000000000000000000000008A
:1092E400000000000000000000000000000000007A
:1092F400000000000000000000000000000000006A
:109304000000000000000000000000000000000059
:109314000000000000000000000000000000000049
:109324000000000000000000000000000000000039
:109334000000000000000000000000000000000029
:109344000000000000000000000000000000000019
:109354000000000000000000000000000000000009
:1093640000000000000000000000000000000000F9
:1093740000000000000000000000000000000000E9
:1093840000000000000000000000000000000000D9
:1093940000000000000000000000000000000000C9
:1093A40000000000000000000000000000000000B9
:1093B40000000000000000000000000000000000A9
:1093C4000000000000000000000000000000000099
:1093D4000000000000000000000000000000000089
:1093E4000000000000000000000000000000000079
:1093F4000000000000000000000000000000000069
:109404000000000000000000000000000000000058
:109414000000000000000000000000000000000048
:109424000000000000000000000000000000000038
:109434000000000000000000000000000000000028
:109444000000000000000000000000000000000018
:109454000000000000000000000000000000000008
:1094640000000000000000000000000000000000F8
:1094740000000000000000000000000000000000E8
:1094840000000000000000000000000000000000D8
:1094940000000000000000000000000000000000C8
:1094A40000000000000000000000000000000000B8
:1094B40000000000000000000000000000000000A8
:1094C4000000000000000000000000000000000098
:1094D4000000000000000000000000000000000088
:1094E4000000000000000000000000000000000078
:1094F4000000000000000000000000000000000068
:109504000000000000000000000000000000000057
:109514000000000000000000000000000000000047
:109524000000000000000000000000000000000037
:109534000000000000000000000000000000000027
:109544000000000000000000000000000000000017
:109554000000000000000000000000000000000007
:1095640000000000000000000000000000000000F7
:1095740000000000000000000000000000000000E7
:1095840000000000000000000000000000000000D7
:1095940000000000000000000000000000000000C7
:1095A40000000000000000000000000000000000B7
:1095B40000000000000000000000000000000000A7
:1095C4000000000000000000000000000000000097
:1095D4000000000000000000000000000000000087
:1095E4000000000000000000000000000000000077
:1095F4000000000000000000000000000000000067
:109604000000000000000000000000000000000056
:109614000000000000000000000000000000000046
:109624000000000000000000000000000000000036
:109634000000000000000000000000000000000026
:109644000000000000000000000000000000000016
:109654000000000000000000000000000000000006
:1096640000000000000000000000000000000000F6
:1096740000000000000000000000000000000000E6
:1096840000000000000000000000000000000000D6
:1096940000000000000000000000000000000000C6
:1096A40000000000000000000000000000000000B6
:1096B40000000000000000000000000000000000A6
:1096C4000000000000000000000000000000000096
:1096D4000000000000000000000000000000000086
:1096E4000000000000000000000000000000000076
:1096F4000000000000000000000000000000000066
:109704000000000000000000000000000000000055
:109714000000000000000000000000000000000045
:109724000000000000000000000000000000000035
:109734000000000000000000000000000000000025
:109744000000000000000000000000000000000015
:109754000000000000000000000000000000000005
:1097640000000000000000000000000000000000F5
:1097740000000000000000000000000000000000E5
:1097840000000000000000000000000000000000D5
:1097940000000000000000000000000000000000C5
:1097A40000000000000000000000000000000000B5
:1097B40000000000000000000000000000000000A5
:1097C4000000000000000000000000000000000095
:1097D4000000000000000000000000000000000085
:1097E4000000000000000000000000000000000075
:1097F4000000000000000000000000000000000065
:109804000000000000000000000000000000000054
:109814000000000000000000000000000000000044
:109824000000000000000000000000000000000034
:109834000000000000000000000000000000000024
:109844000000000000000000000000000000000014
:109854000000000000000000000000000000000004
:1098640000000000000000000000000000000000F4
:1098740000000000000000000000000000000000E4
:1098840000000000000000000000000000000000D4
:1098940000000000000000000000000000000000C4
:1098A40000000000000000000000000000000000B4
:1098B40000000000000000000000000000000000A4
:1098C4000000000000000000000000000000000094
:1098D4000000000000000000000000000000000084
:1098E4000000000000000000000000000000000074
:1098F4000000000000000000000000000000000064
:109904000000000000000000000000000000000053
:109914000000000000000000000000000000000043
:109924000000000000000000000000000000000033
:109934000000000000000000000000000000000023
:109944000000000000000000000000000000000013
:109954000000000000000000000000000000000003
:1099640000000000000000000000000000000000F3
:1099740000000000000000000000000000000000E3
:1099840000000000000000000000000000000000D3
:1099940000000000000000000000000000000000C3
:1099A40000000000000000000000000000000000B3
:1099B40000000000000000000000000000000000A3
:1099C4000000000000000000000000000000000093
:1099D4000000000000000000000000000000000083
:1099E4000000000000000000000000000000000073
:1099F4000000000000000000000000000000000063
:109A04000000000000000000000000000000000052
:109A14000000000000000000000000000000000042
:109A24000000000000000000000000000000000032
:109A34000000000000000000000000000000000022
:109A44000000000000000000000000000000000012
:109A54000000000000000000000000000000000002
:109A640000000000000000000000000000000000F2
:109A740000000000000000000000000000000000E2
:109A840000000000000000000000000000000000D2
:109A940000000000000000000000000000000000C2
:109AA40000000000000000000000000000000000B2
:109AB40000000000000000000000000000000000A2
:109AC4000000000000000000000000000000000092
:109AD4000000000000000000000000000000000082
:109AE4000000000000000000000000000000000072
:109AF4000000000000000000000000000000000062
:109B04000000000000000000000000000000000051
:109B14000000000000000000000000000000000041
:109B24000000000000000000000000000000000031
:109B34000000000000000000000000000000000021
:109B44000000000000000000000000000000000011
:109B54000000000000000000000000000000000001
:109B64000000000000000333333333333333333323
:109B7400333333333333330000000000000000007C
:109B8400000000000000003333333000003333336F
:109B94003330000000000000003333333330000062
:109BA400333333300000000000033333333000001C
:109BB40000000000000000000000003333333300D5
:109BC4000033333333333333333333333333333097
:109BD400000000000000000000000000000003334B
:109BE4003333333333333333333333333333333044
:109BF400000000000000000000000000000000035E
:109C040033333300000333333330000000000000EB
:109C140003333333330000033333330000000000D5
:109C24000003333333330000000000000000000061
:109C340000000033333333000033333333333333EF
:109C44003333333333333333330000000000000045
:109C54000000000000000333333333333333333332
:109C64003333333333333333000000000000000058
:109C740000000000000000003333333000003333B1
:109C84003333000000000000033333333300003368
:109C94003333330000000000000333333333300028
:109CA40000000000000000000000003333333300E4
:109CB40000333333333333333333333333333333A3
:109CC40033300000000000000000000000000333F7
:109CD4003333333333333333333333333333333350
:109CE4003000000000033333333330000000000041
:109CF40033333333000033333333000000000000C8
:109D04003333333330000033333330000000033057
:109D1400000333333333333000000000000000000D
:109D240000033333333333000033333333333333C8
:109D34003333333333333333333300000000000021
:109D44000000000000000333333333333333333341
:109D5400333333333333333333000000003333339B
:109D64003333333000000000033333333000033324
:109D74003333300000000000333333333000033317
:109D8400333300000033333000033333333333339E
:109D940000000000000000000003333333333300BD
:109DA40000333333333333333333333333333333B2
:109DB40033333000000000000000000006666666D1
:109DC40066666666666666666666666666333333C8
:109DD4003300000033333333333333333066666652
:109DE40063333366666666633333330000000066AC
:109DF4006666666300006666666300003333333666
:109E040066666663333333333000000000000000BD
:109E140000666666663333666666666666666666AA
:109E240066666666666333333333330000000000CE
:109E340000000000066666666666666666666666B6
:109E440066666666666333333330003333333333E5
:109E54003333333333066666663333366666666396
:109E64003333333000000666666666300006666685
:109E74006633300000333336666666663333333315
:109E84003300000000000000006666666633336637
:109E94006666666666666666666666666666663391
:109EA40033333300000000000000000006666666DD
:109EB40066666666666666666666666666663333A4
:109EC4003330033333330000000333333300666627
:109ED4006663333366666666333333300000066682
:109EE40066666630006666666633000000333336A5
:109EF4006666666663333333333000000000000067
:109F040000666666663333666666666666666666B9
:109F14006666666666666663333333000000000077
:109F240000000000066666666666666666666666C5
:109F340066666666666663333330033666666666EF
:109F4400600333333300666666663333666666667B
:109F5400333333333333666666666300006666669E
:109F6400633300003663333666666666666333338E
:109F74003333300000000006666666666633336677
:109F8400666666666666666666666666666666666D
:109F940033333000000000000444444446666666DF
:109FA4006666666666666666666666666666663380
:109FB4003330036666666666666555555300066605
:109FC400666665533666666663333355555566660D
:109FD4006666644446666666333000666665555652
:109FE400666666666666333333333300004444463C
:109FF400666666666655556666666666666666661F
:10A004006666666666666666633330000000000056
:10A0140004444444464466666666666666666666E6
:10A024006666666666666633333066666666666668
:10A0340066666555550006666666665336666666E8
:10A04400660004444446666666664444666666661C
:10A05400330066666665555666666666666663338D
:10A064003333333000444446666666666655556647
:10A07400666666666666666666666666666666667C
:10A0840066333000000000000444444446446666DD
:10A09400666666666666666666666666666666635F
:10A0A4003366666666666666666666555540066627
:10A0B400666655553366666666600444446666663D
:10A0C4006664444444666666600000666665555688
:10A0D40066666666666666333333333300444446E5
:10A0E400666666666655556666666666666666662E
:10A0F4006666666666666666663330000000000063
:10A1040004444444464466666665544444444444B2
:10A1140044444666666666655666666640000006A2
:10A1240066666655554406666666555533366666F4
:10A134006663555555666666666444444666666657
:10A144003440006666655556666666666666666091
:10A1540000000004444444444466666666555564FD
:10A16400466666555544444444444444066666661B
:10A17400660000000000000004444444464466664F
:10A184006555555555555555555555666666666517
:10A194005666664444400006666666555544406605
:10A1A40066666555533666666666666666666666A0
:10A1B400665444440666666644406666666555565B
:10A1C40066666666666666666000000444444444E7
:10A1D4004466666666555564466666555544444409
:10A1E4004444444446666666600000000000000083
:10A1F40004004444464466666555555555555555C1
:10A20400555555666666666556666644444440061A
:10A214006666665554444466666666555533666696
:10A224006666666666666666654444446666666433
:10A234004440666666655556666666666666666624
:10A2440066333335555544444466666666555564ED
:10A2540046666655554444444444444446666666EA
:10A264006333300000000000040044444644666642
:10A274006555555555555555555555666666666526
:10A28400566666664444440666666654444400065C
:10A29400666666455553330000445555555333336C
:10A2A400334444466666664444406666666555566D
:10A2B40066666666666666666663333555555444F7
:10A2C4004466666666555564466666555544444418
:10A2D4004444444446666666633333000000000029
:10A2E40004004444464066666333333333333555A0
:10A2F4005555556666666665000000044444443658
:10A3040066666644444400006666666555533300D9
:10A3140000445555555333333444446666666344A8
:10A324004440666666655556666666633666666666
:10A3340066663333335555544466666666555560D0
:10A344000666663333000000044444444666666689
:10A354006333330000000000040044444600666692
:10A364006333333333333355555556666666666007
:10A3740000000004444444066666665444444000B5
:10A38400666666665555556666666666666666639F
:10A39400044444666666644444406666666555568D
:10A3A4006666666553300000000003333355555527
:10A3B400446666666655556006666633330000007B
:10A3C40004444444400000333333330000000000AD
:10A3D40004004444460066666666666666666666AB
:10A3E4006666666666666600000000044444446669
:10A3F4006666665554444400066666664555555679
:10A404006666666666666663444456666666544473
:10A414004440666666655556666666655530000056
:10A4240000000033335555555466666666555560CD
:10A43400066666333300000004444444400000339D
:10A4440033333300000000000400444446006666D1
:10A4540066666666666666666666666666666644BA
:10A46400000000044444666666666335554444004F
:10A4740000666666603333366666666666666634AC
:10A48400444566666663444444406666666555565C
:10A4940066666665555066666666666633555555E6
:10A4A4005566666666555560066666333300000079
:10A4B4000444444446666666633333000000000087
:10A4C40004004444460066666666666666666666BA
:10A4D400666666666666600000000004444666665A
:10A4E400666333335544444000066666660333337B
:10A4F40066666666666666544456666666334444B3
:10A5040044406666666544566666666554440066FD
:10A514006666666663555555556666666655446057
:10A524003666663333000000044444444666666677
:10A5340066333300000000000400444446006666AD
:10A544006666666666666666666666666666330040
:10A55400000000044466666666033333554444448D
:10A5640000066666664555556666666666666355A4
:10A57400445666666630444444406666666544569E
:10A5840066666663300000066666666666655555EF
:10A594005566666666554460366666333300000069
:10A5A40000000000006666666633330000000000A9
:10A5B4000400444446446666666666666666666685
:10A5C400666666666663300000000044444666665C
:10A5D4006663333005444444000066666665555539
:10A5E40056666666666635554566666663335544E3
:10A5F40044406666666544566666666330000000DD
:10A6040006666666666655555566666666554460B2
:10A61400366666333300000000000000006666669C
:10A624006633330000000000040044444644666678
:10A634006666666666666666666666666633330082
:10A64400000044444444466666666330035444440C
:10A6540040000666666655555666666666665555D6
:10A664006666630663004444444066666665445611
:10A674006666666554444444006666666666655567
:10A684005566666666554466666666333300000042
:10A6940004444444406666666633330000000000A8
:10A6A400040044444666666665555444444444463E
:10A6B40066666666333333000004444444400066EF
:10A6C4006666663003344444440000666666655535
:10A6D400556666666665555666663066300044445F
:10A6E40044406666666544566666666554444444FA
:10A6F40040066666666666555566666666554466D1
:10A704006666663333000000044444444466666667
:10A714006633330000000000040044444666666665
:10A724006555544444444444666666666333333032
:10A7340000444444440000066666663003354444DD
:10A744004400000666666655556666666665556627
:10A754006666306600004444444066665565466655
:10A764006666633555554444444066666666666667
:10A77400666666663555666666666633333000001F
:10A7840000444444446666666633330000000000B7
:10A79400040044444446666665555444444444466F
:10A7A40066666666663333300004455555530006C5
:10A7B4006666663003334444444000066666666554
:10A7C40056666666666655666663066000004444BF
:10A7D400444066665565466666666333355544444B
:10A7E40044440666666666666666666635556666EB
:10A7F400666666333333333333555555556666666B
:10A804006633330000000000040044444446666696
:10A81400655554444444444466666666633333333E
:10A82400000005555555400666633630033304442D
:10A834004446666666666666566666666666566616
:10A8440066606666660044444440666655654666CE
:10A8540066666333335544444444406666666666BC
:10A8640066666666555566666666663333333333A5
:10A874003355555555666666663330000000000052
:10A884000444444440066666633330044444444408
:10A894006666666666333333333003555555440074
:10A8A400466336600333004444444000666666668B
:10A8B40066666666666666666630660000004444E0
:10A8C400444066665565466666666333333544447C
:10A8D40044444406666666666666666655556666FC
:10A8E400666666333333333333555555556666667A
:10A8F40066330000000000000444444440066666D9
:10A9040063333000444444444666666666333333F6
:10A91400300003355555540666633660033300042E
:10A9240044444400066666666666666666666666EF
:10A934006306600000004444004066665565466650
:10A94400666663333333444444444444446666662D
:10A9540066666666555555666666663333333333C5
:10A964003355555556666666663000000000000093
:10A97400000444444006666663333004444444445B
:10A9840046666666666333333000000555555536B2
:10A9940066633666033300044444444004666666D2
:10A9A40066666666666666666366300000004444F2
:10A9B400004066665565433666666666333304440E
:10A9C4004444444444446666666666666655556611
:10A9D4006666666333000000004444446666666647
:10A9E400663000000000000000044444400666662F
:10A9F40063333000444444444066666666633333DC
:10AA040036666666555335366663366603344444A3
:10AA140044444444046666666666666666666666BC
:10AA24000663000000004444004066665565530612
:10AA3400666666663333004444444444444446668C
:10AA440066666666665555666666666666666666C4
:10AA5400666666666666666666000000000000005C
:10AA6400000444444006666663333000444444446E
:10AA74004406666666663333366666660453355640
:10AA840066633666030000004444444444466666F4
:10AA94006666666666666663366000000000444467
:10AAA4000040666655655006666666663333000484
:10AAB4004444444444444466666666666655556642
:10AAC4006666666666666666666666666666666622
:10AAD4006000000000000000000444444006666674
:10AAE4006000000004444444440066666666666090
:10AAF4000666666644433556666336663000000073
:10AB04000444444444466666666666466666666011
:10AB14006600000000004444004066664464400649
:10AB240066666666000000000044444444444444AD
:10AB340066666666664444666666666666666666F5
:10AB440066666666666666660000000000000000D1
:10AB540000044444466666666000000004444444BD
:10AB6400444006666666600006666666644004667F
:10AB7400666006660000000000444444444466667F
:10AB8400666664446666660660000000000044442D
:10AB940000406666446444466666666600000000DB
:10ABA400000044444444444446666666664444663D
:10ABB4006666666666666666666666666666666037
:10ABC400000000000000000000044444466666667D
:10ABD40060000000004444444440066666666444E1
:10ABE40000066666666666666660066600000000C5
:10ABF4000044444444444666666644440666660625
:10AC04006000000000004444004066664664444618
:10AC14006666666600000000000004444444444440
:10AC240044666666664444666666664444444444D0
:10AC34004444444444000660000000000000000056
:10AC44000004444446666666600000000004444410
:10AC54004444006666666644000066666666666628
:10AC640066600660000000000004444444444666F4
:10AC740066644440066660660000000000004444C8
:10AC840000406666664444466666666600000000E8
:10AC94000000004444444444446666666644446692
:10ACA40066666666666666666666666666666000AC
:10ACB400000000000000000000044444466666668C
:10ACC40060000000000044444444446666666664D0
:10ACD40000000066666666666660060000000000A6
:10ACE40000044444444444666664444044666660E4
:10ACF400000000000000444400406666644444468A
:10AD04006666666600000000000000004444444497
:10AD14004466666666444444444444444444444467
:10AD2400444444440000000000000000000000000F
:10AD340004444444400000000000000000000444B7
:10AD44004444400004444444400000466666666649
:10AD54006666600000000000000044444444400073
:10AD64004444440440000000000000000000444447
:10AD7400004000044444444400000000000000007B
:10AD84000000000004444444440000444444444457
:10AD94004444444444444444444444400000000083
:10ADA400000000000000000004444444400000008F
:10ADB40000000000000004444444400000044444F3
:10ADC40044444444444004440000000000000000A3
:10ADD40000000444444400000444440440000000CF
:10ADE400000000000000444404400004444444447F
:10ADF4000000000000000000000000000044444483
:10AE040044000044444444000000000000000000EA
:10AE140000000440000000000000000000000000EA
:10AE240004444444400000000000000000000044CA
:10AE340044444400000044444444444444400440E2
:10AE44000000000000000000000004444440000032
:10AE5400044440440000000000000000000044449A
:10AE64004400000444444444000000000000000086
:10AE7400000000000044444444000044444444446A
:10AE840044444444444444444444400000000000D6
:10AE9400000000000000000004444444400000009E
:10AEA400000000000000004444444440000000440A
:10AEB40044444444444004000000000000000000F6
:10AEC40000000044444000000044444000000000EE
:10AED4000000000000004444400000044444444492
:10AEE4000000000000000000000000000044444492
:10AEF400440000000000000000000000000000000A
:10AF0400000000000000000000000000000000003D
:10AF1400000000000000000000000000000000002D
:10AF24000000000000000004444444444444400041
:10AF3400000000000000000000000000000000000D
:10AF440000000000000000000000000000000000FD
:10AF540000000000000000000000000000000000ED
:10AF640000000000000000000000000000000000DD
:10AF740000000000000000000000000000000000CD
:10AF840000000000000000000000000000000000BD
:10AF940000000000000000000000000000000000AD
:10AFA400000000000000000000000000000000009D
:10AFB400000000000000000000000000000000008D
:10AFC400000000000000000000000000000000007D
:10AFD400000000000000000000000000000000006D
:10AFE400000000000000000000000000000000005D
:10AFF400000000000000000000000000000000004D
:10B00400000000000000000000000000000000003C
:10B01400000000000000000000000000000000002C
:10B02400000000000000000000000000000000001C
:10B03400000000000000000000000000000000000C
:10B0440000000000000000000000000000000000FC
:10B0540000000000000000000000000000000000EC
:10B0640000000000000000000000000000000000DC
:10B0740000000000000000000000000000000000CC
:10B0840000000000000000000000000000000000BC
:10B0940000000000000000000000000000000000AC
:10B0A400000000000000000000000000000000009C
:10B0B400000000000000000000000000000000008C
:10B0C400000000000000000000000000000000007C
:10B0D400000000000000000000000000000000006C
:10B0E400000000000000000000000000000000005C
:10B0F400000000000000000000000000000000004C
:10B10400000000000000000000000000000000003B
:10B11400000000000000000000000000000000002B
:10B12400000000000000000000000000000000001B
:10B13400000000000000000000000000000000000B
:10B1440000000000000000000000000000000000FB
:10B1540000000000000000000000000000000000EB
:10B1640000000000000000000000000000000000DB
:10B1740000000000000000000000000000000000CB
:10B1840000000000000000000000000000000000BB
:10B1940000000000000000000000000000000000AB
:10B1A400000000000000000000000000000000009B
:10B1B400000000000000000000000000000000008B
:10B1C400000000000000000000000000000000007B
:10B1D400000000000000000000000000000000006B
:10B1E400000000000000000000000000000000005B
:10B1F400000000000000000000000000000000004B
:10B20400000000000000000000000000000000003A
:10B21400000000000000000000000000000000002A
:10B22400000000000000000000000000000000001A
:10B23400000000000000000000000000000000000A
:10B2440000000000000000000000000000000000FA
:10B2540000000000000000000000000000000000EA
:10B2640000000000000000000000000000000000DA
:10B2740000000000000000000000000000000000CA
:10B2840000000000000000000000000000000000BA
:10B2940000000000000000000000000000000000AA
:10B2A400000000000000000000000000000000009A
:10B2B400000000000000000000000000000000008A
:10B2C400000000000000000000000000000000007A
:10B2D400000000000000000000000000000000006A
:10B2E400000000000000000000000000000000005A
:10B2F400000000000000000000000000000000004A
:10B304000000000000000000000000000000000039
:10B314000000000000000000000000000000000029
:10B324000000000000000000000000000000000019
:10B334000000000000000000000000000000000009
:10B3440000000000000000000000000000000000F9
:10B3540000000000000000000000000000000000E9
:10B3640000000000000000000000000000000000D9
:10B3740000000000000000000000000000000000C9
:10B3840000000000000000000000000000000000B9
:10B3940000000000000000000000000000000000A9
:10B3A4000000000000000000000000000000000099
:10B3B4000000000000000000000000000000000089
:10B3C4000000000000000000000000000000000079
:10B3D4000000000000000000000000000000000069
:10B3E4000000000000000000000000000000000059
:10B3F4000000000000000000000000000000000049
:10B404000000000000000000000000000000000038
:10B414000000000000000000000000000000000028
:10B424000000000000000000000000000000000018
:10B434000000000000000000000000000000000008
:10B4440000000000000000000000000000000000F8
:10B4540000000000000000000000000000000000E8
:10B4640000000000000000000000000000000000D8
:10B4740000000000000000000000000000000000C8
:10B4840000000000000000000000000000000000B8
:10B4940000000000000000000000000000000000A8
:10B4A4000000000000000000000000000000000098
:10B4B400FFFFFFFFFFFFE007FB2F001F00F8E0077F
:10B4C40000000000FFFFFFFFFFFFFFFFFFFFFFFF84
:10B4D4000A2A2A2A2050414E4943202A2A2A0A00AD
:10B4E4000A000000486172647761726520616C61D2
:10B4F400726D20256420616C726561647920636CCF
:10B5040061696D6564000000486172642061737351
:10B514006572740052656C6561736500626F6F7467
:10B52400325F77323571303830000000322E322EDF
:10B53400300000007069636F0000000072337731DF
:10B544006E6400004D617920333120323032360090
:10B5540006005250D3F0754218B500100600525040
:10B56400E182887F20B5001006005250ABB36053CF
:10B5740030B5001006005250BBFF3CB638B5001081
:10B5840006005250861C030240B5001006005250BB
:10B594005422A29D48B5001005005250DE65F4689F
:08B5A40034B700100D0A00008D
:10B5AC0054B5001060B500106CB5001078B50010E3
:0CB5BC0084B5001090B500109CB5001084
:10B5C800F0B5C646150000B504001E000268EFF38A
:10B5D800108172B61368002BFCD0BFF35F8F042371
:10B5E800E3562268002B2BDBBFF35F8F002010602F
:10B5F80081F31088D02212061278002752B29046A2
:10B608009A420ED1002080BCB846F0BDBFF35F8FD0
:10B61800176081F310882800310000F059F80028DD
:10B62800F0D12268EFF3108172B61368002BFCD0BA
:10B63800BFF35F8F237922687F2BE7D9434602E067
:10B64800D0231B061B682371BFF35F8F0023136091
:10B6580081F310880120D6E70268EFF3108172B6F3
:10B668001368002BFCD0BFF35F8FFF2303710368BF
:10B67800BFF35F8F00221A6081F3108840BF7047C4
:10B6880030B50400101E0AD00A000D180221E36824
:10B698001942FCD013780132A360AA42F7D1E368BB
:10B6A8005B0704D50421A368E3681942FBD1102184
:10B6B800E3681942FCD1E3685B0704D50421A36859
:10B6C800E3681942FBD10123236230BD7047C046AD
:10B6D80001B40248844601BC604700BFAD0F0010AA
:10B6E8001000000000000000000000000000000042
:10B6F80000000000000000003002002000000000F0
:10B70800503300004C330000543300005233000023
:10B718004D5300004D4300005334000043340000F3
:0CB72800440700200000000000000000AA
:04000005100001E9FD
:00000001FF
